"Item type","Authors","Editors","Title","Journal","Journal (full title)","Website name","Source","Publication year","Volume","Issue","Pages","Folders filed in","Labels filed in","Publisher","Publisher place","Date published","Date accessed","ISBN","ISSN","ISSN (alt.)","URLs","DOI","PMID","PMC ID","Abstract","Keywords","Copyright","Affiliation","Language","Subtype","Pages cited","Advisor","University","Department","Attachments","Level of thesis"
"Journal article","Lee YS,Good JD,Awais N,Eschle BK,Lineberry MS,Lin J,Wunderlich M,Thibodeau J,Edwards H,Teo JL,Bibeau S,Wollman M,Karadimov G,Sariipek N,Salik B,Acosta J,Noel J,Cucchi DG,DePasquale EA,Gokhale PC,Ritz J,Ge Y,Miller PG,Najm FJ,Stone RM,Garcia JS,Lane AA,Jones CL,van Galen P","","Synergistic targeting of eIF4A-mediated translation initiation and apoptosis in acute myeloid leukemia","Blood Neoplasia","Blood Neoplasia","","","2026","","100202","100202","My Papers","Highlight","Elsevier BV","","2026-02-05","2026-02-06","","2950-3280","","http://dx.doi.org/10.1016/j.bneo.2026.100202;https://www.sciencedirect.com/science/article/pii/S2950328026000130;https://linkinghub.elsevier.com/retrieve/pii/S2950328026000130","10.1016/j.bneo.2026.100202","","","Targeted therapies like the BCL-2 inhibitor Venetoclax have expanded treatment options for acute myeloid leukemia (AML) patients, but survival remains…","","http://creativecommons.org/licenses/by-nc-nd/4.0/","","en","","","","","","",""
"Journal article","Safina KR,Salik B,Kotliar D,Curtis M,Good JD,Weng C,David S,Raychaudhuri S,Kreso A,Trowbridge JJ,Sankaran VG,van Galen P","","An inflammatory and quiescent HSC subpopulation expands with age in humans","Genome Biol.","Genome Biology","","","2026","27","1","30","My Papers","Highlight;AK 2023 - Feb 2026","Springer Science and Business Media LLC","","2026-01-16","2026-01-16","","1474-7596","1474-760X","http://dx.doi.org/10.1186/s13059-026-03936-z;https://link.springer.com/article/10.1186/s13059-026-03936-z;https://link.springer.com/content/pdf/10.1186/s13059-026-03936-z.pdf;https://link.springer.com/10.1186/s13059-026-03936-z;https://www.ncbi.nlm.nih.gov/pubmed/41546063;https://scholar.google.com/citations?view_op=view_citation&hl=en&citation_for_view=_WUhKksAAAAJ:JV2RwH3_ST0C;https://www.ncbi.nlm.nih.gov/pmc/articles/PMC12892447","10.1186/s13059-026-03936-z","41546063","PMC12892447","Aging of the blood system impacts systemic health and can be traced to hematopoietic stem cells (HSCs). Despite multiple reports on human HSC aging, a unified map detailing their molecular age-related changes is lacking. We developed a consensus map of gene expression in HSCs by integrating seven single-cell datasets. This map reveals previously unappreciated heterogeneity within the HSC population. It also links inflammatory pathway activation (TNF/NFκB, AP-1) and quiescence within a single gene expression program. This program dominates an inflammatory HSC subpopulation that increases with age, highlighting a potential target for further experimental studies and anti-aging interventions.","","https://creativecommons.org/licenses/by/4.0","","en","Research Article","","","","","safina,van galen2026an inflammatory and quiescent hsc subpopulation expands with age in humans - Genome Biol.pdf",""
"Journal article","Della Volpe L,Lee AJ,Antoszewski M,Deik AA,Safina KR,Gao T,Guo CJ,Ye T,Lyu P,Martin-Rufino JD,Castano N,Good J,Molina-Aponte Y,Zhao J,Clish CB,van Galen P,Sankaran VG","","Inhibiting ferroptosis enhances ex vivo expansion of human haematopoietic stem cells","Nat. Cell Biol.","Nature Cell Biology","","","2025","27","12","2214-2224","My Papers","","Springer Science and Business Media LLC","","2025-12-18","2025-11-23","","1465-7392","1476-4679","http://dx.doi.org/10.1038/s41556-025-01814-7;https://www.nature.com/articles/s41556-025-01814-7;https://www.nature.com/articles/s41556-025-01814-7.pdf;https://www.ncbi.nlm.nih.gov/pubmed/41254392;https://www.ncbi.nlm.nih.gov/pmc/articles/PMC12680438","10.1038/s41556-025-01814-7","41254392","PMC12680438","Improved ex vivo expansion of human haematopoietic stem cells (HSCs) would considerably advance transplantation and genome-engineered therapies, yet existing culture methods still allow substantial HSC loss. Here we show that this attrition is driven largely by ferroptosis, a metabolically regulated, iron-dependent cell-death pathway, and that it can be blocked to augment HSC expansion. Inhibiting ferroptosis with liproxstatin-1 or ferrostatin-1 markedly increases the expansion of cord blood and adult HSCs consistently across donors in both widely used serum-free cultures and recently reported chemically defined conditions. The expanded cells retain phenotypic and molecular stem cell identity and mediate improved durable, multilineage engraftment in xenotransplanted mice without genotoxicity or aberrant haematopoiesis. Mechanistically, ferroptosis blockade is accompanied by upregulated ribosome biogenesis and cholesterol synthesis, increasing levels of 7-dehydrocholesterol-a potent endogenous ferroptosis inhibitor that itself promotes HSC expansion. Crucially, this approach enhances yields of therapeutically genome-modified HSCs, paving a path for clinical applications.","","https://creativecommons.org/licenses/by/4.0","","en","Research Article","","","","","della volpe,sankaran2025inhibiting ferroptosis enhances ex vivo expansion of human haematopoietic stem cells - Nat Cell Biol.pdf",""
"Journal article","Parsons A,Sauras Colón E,Manjunath M,Zhang H,Chen J,Spasic M,Koca B,Binboga Kurt B,Freedman RA,Mittendorf EA,Swarbrick A,van Galen P,McAllister SS","","Cell populations in human breast cancers are molecularly and biologically distinct with age","Nat. Aging","Nature Aging","","","2025","5","12","2546-2563","My Papers","Highlight","Springer Science and Business Media LLC","","2025-12-04","2025-11-04","","2662-8465","2662-8465","http://dx.doi.org/10.1038/s43587-025-00984-1;https://www.nature.com/articles/s43587-025-00984-1;https://www.nature.com/articles/s43587-025-00984-1.pdf;https://www.ncbi.nlm.nih.gov/pubmed/41188599;https://www.ncbi.nlm.nih.gov/pmc/articles/PMC12705435","10.1038/s43587-025-00984-1","41188599","PMC12705435","Aging is associated with increased breast cancer risk, and the oldest and youngest patients have worse outcomes, irrespective of subtype. It is unknown how age affects cells in the breast tumor microenvironment or how they contribute to age-related pathology. Here we discover age-associated differences in cell states in human estrogen receptor-positive and triple-negative breast cancers using analyses of existing bulk and single-cell transcriptomic data. We generate and apply an Age-Specific Program ENrichment (ASPEN) analysis pipeline, revealing age-related changes, including increased tumor cell epithelial-mesenchymal transition and cancer-associated fibroblast inflammatory responses in triple-negative breast cancer. Estrogen receptor-positive breast cancer displays increased ESR1 expression and reduced vascular and immune cell metabolism with age. Cell interactome analysis reveals candidate signaling pathways that drive age-related cell states. Spatial analyses across independent clinical cohorts support the computational findings. This work identifies potential targets for age-adapted therapeutic interventions for breast cancer.","","https://creativecommons.org/licenses/by/4.0","","en","Research Article","","","","","parsons,mcallister2025cell populations in human breast cancers are molecularly and biologically distinct with age - Nat Aging.pdf;parsons,mcallister2025 - Supplement.pdf",""
"Journal article","Safina KR,van Galen P","","Lingering effects: Environmental exposure leads to clonal hematopoiesis via IL1RAP in 9/11 first responders","Cancer Discov.","Cancer Discovery","","","2025","15","12","2406-2407","My Papers","","American Association for Cancer Research (AACR)","","2025-12-02","2025-12-03","","2159-8274","2159-8290","https://dx.doi.org/10.1158/2159-8290.CD-25-1584;https://aacrjournals.org/cancerdiscovery/article-abstract/15/12/2406/767706/Lingering-Effects-Environmental-Exposure-Leads-to?redirectedFrom=fulltext;https://aacrjournals.org/cancerdiscovery/article/15/12/2406/767706/Lingering-Effects-Environmental-Exposure-Leads-to;https://aacrjournals.org/cancerdiscovery/article-pdf/15/12/2406/3684480/cd-25-1584.pdf;https://www.ncbi.nlm.nih.gov/pubmed/41327968;http://dx.doi.org/10.1158/2159-8290.CD-25-1584","10.1158/2159-8290.CD-25-1584","41327968","","In this issue, Verma, Zeig-Owens, Goldfarb, and colleagues report that increased prevalence of clonal hematopoiesis (CH) among 9/11 World Trade Center first responders is accompanied by uncharacteristic mutations in younger responders and an elevated risk of blood cancer. Using a mouse model of CH, they connect the clonal expansion triggered by World Trade Center particulate matter exposure to higher levels of IL1RAP, offering a new potential target to limit clonal expansion and reduce CH-associated risks. See related article by Verma et al., p. 2468.","","","","en","Research Article","","","","","safina,van galen2025lingering effects - environmental exposure leads to clonal hematopoiesis via il1rap in 9 - 11 first responders - Cancer Discov.pdf",""
"Preprint","Sariipek NE,Safina KR,Lu WS,Li S,Janes JT,Van Orden M,Livak KJ,Heaton H,Ho VT,Koreth J,Luskin MR,Griffin GK,Garcia JS,Lindsley RC,Cutler C,Soiffer RJ,Ritz J,Wu CJ,Antin JH,Lane AA,Gooptu M,van Galen P","","Early persistence of recipient stem-cells and T-cell dysregulation are associated with relapse after transplant in AML/MDS","","","","bioRxiv","2025","","","","My Papers","Highlight","","","2025-11-14","","","","","https://www.biorxiv.org/content/10.1101/2025.11.13.688350v1;http://biorxiv.org/lookup/doi/10.1101/2025.11.13.688350;http://dx.doi.org/10.1101/2025.11.13.688350;https://www.ncbi.nlm.nih.gov/pubmed/41293006;https://www.ncbi.nlm.nih.gov/pmc/articles/PMC12642575","10.1101/2025.11.13.688350","41293006","PMC12642575","Hematopoietic stem cell transplantation (HSCT) offers the best curative option for acute myeloid leukemia (AML) and myelodysplastic syndrome (MDS), yet relapse remains common. Current relapse detection methods are often too late for effective intervention. To identify earlier predictors and therapeutic targets, we performed longitudinal single-cell RNA and T cell receptor (TCR) sequencing of bone marrow from 33 AML/MDS patients during post-transplant immune reconstitution, comparing those who relapsed to those who remained in remission. Persistence of recipient hematopoietic stem and progenitor cells (HSPCs) in the marrow was associated with relapse months later. These residual recipient HSPCs harbored copy number variations (CNVs), supporting their leukemic origin, and overexpressed PRAME and CALCRL compared to coexisting donor HSPCs. Further, in a subset of TP53 -mutant disease, low TCR diversity with skewing toward dominant clonotypes foreshadowed relapse. These findings lay the groundwork for improved relapse prediction and nominate therapeutic targets for early post-transplant intervention.","","https://www.biorxiv.org/about/FAQ#license","","en","","","","","","",""
"Journal article","Dolan M,Libby KA,Ringel AE,van Galen P,McAllister SS","","Ageing, immune fitness and cancer","Nat. Rev. Cancer","Nature Reviews. Cancer","","","2025","25","11","848-872","My Papers","","Springer Science and Business Media LLC","","2025-11-14","2025-08-15","","1474-175X","1474-1768","https://www.nature.com/articles/s41568-025-00858-z;https://www.nature.com/articles/s41568-025-00858-z.pdf;http://dx.doi.org/10.1038/s41568-025-00858-z;https://www.ncbi.nlm.nih.gov/pubmed/40813902","10.1038/s41568-025-00858-z","40813902","","The immune system undergoes substantial changes throughout life, with ageing broadly impacting immune cell composition, function and regenerative capacity. Emerging evidence suggests that age-associated changes in immune fitness - the ability to respond to and eliminate infection, pathogens and malignancy while maintaining self-tolerance - reshape antitumour immunity and influence the efficacy of immunotherapies. Technological advances in high-dimensional immunoprofiling have begun to reveal the complex interplay between ageing, immune fitness and cancer biology, uncovering new therapeutic vulnerabilities and challenges. In this Review, we discuss recent insights derived from age-resolved immunoprofiling of the human tumour microenvironment, how ageing haematopoiesis affects immune cells that contribute to the microenvironment and impact cancer progression, and what is known from preclinical modelling about the functional consequences of immune ageing on tumour control. We further highlight emerging age-stratified analyses of treatment responses, which are beginning to inform hypotheses about how ageing shapes immunotherapy outcomes. Together, these perspectives provide a framework for integrating age as a critical biological variable, underscore the need to consider age in both preclinical models and clinical trial design, and identify key challenges and priorities for the field moving forward.","","https://www.springernature.com/gp/researchers/text-and-data-mining","","en","Review","","","","","dolan,mcallister2025ageing, immune fitness and cancer - Nat Rev Cancer.pdf",""
"Journal article","Steinicke TL,Benfatto S,Capilla-Guerra MR,Monteleone AB,Young JH,Shankar S,Michaels PD,Tsai HK,Good JD,Kreso A,van Galen P,Schliemann C,Chen EC,Griffin GK,Hovestadt V","","Rapid epigenomic classification of acute leukemia","Nat. Genet.","Nature Genetics","","","2025","57","10","2456-2467","My Papers","AK 2023 - Feb 2026","Springer Science and Business Media LLC","","2025-10-22","2025-09-28","","1061-4036","1546-1718","https://www.nature.com/articles/s41588-025-02321-z;https://www.nature.com/articles/s41588-025-02321-z.pdf;http://dx.doi.org/10.1038/s41588-025-02321-z;https://www.ncbi.nlm.nih.gov/pubmed/40983754;https://www.ncbi.nlm.nih.gov/pmc/articles/PMC12513838;https://scholar.google.com/citations?view_op=view_citation&hl=en&citation_for_view=_WUhKksAAAAJ:NMxIlDl6LWMC","10.1038/s41588-025-02321-z","40983754","PMC12513838","Acute leukemia requires precise molecular classification and urgent treatment. However, standard-of-care diagnostic tests are time-intensive and do not capture the full spectrum of acute leukemia heterogeneity. Here, we developed a framework to classify acute leukemia using genome-wide DNA methylation profiling. We first assembled a comprehensive reference cohort (n = 2,540 samples) and defined 38 methylation classes. Methylation-based classification matched standard-pathology lineage classification in most cases and revealed heterogeneity in addition to that captured by genetic categories. Using this reference, we developed a neural network (MARLIN; methylation- and AI-guided rapid leukemia subtype inference) for acute leukemia classification from sparse DNA methylation profiles. In retrospective cohorts profiled by nanopore sequencing, high-confidence predictions were concordant with conventional diagnoses in 25 out of 26 cases. Real-time MARLIN classification in patients with suspected acute leukemia provided accurate predictions in five out of five cases, which were typically generated within 2 h of sample receipt. In summary, we present a framework for rapid acute leukemia classification that complements and enhances standard-of-care diagnostics.","","https://creativecommons.org/licenses/by-nc-nd/4.0","Department of Pediatric Oncology, Dana-Farber Cancer Institute, Boston, MA, USA.; Broad Institute of MIT and Harvard, Cambridge, MA, USA.; Department of Medicine A, University Hospital Münster, Münster, Germany.; Department of Pediatric Oncology, Dana-Farber Cancer Institute, Boston, MA, USA.; Broad Institute of MIT and Harvard, Cambridge, MA, USA.; Broad Institute of MIT and Harvard, Cambridge, MA, USA.; Department of Pathology, Dana-Farber Cancer Institute, Boston, MA, USA.; Broad Institute of MIT and Harvard, Cambridge, MA, USA.; Department of Pathology, Dana-Farber Cancer Institute, Boston, MA, USA.; Albert Einstein College of Medicine, Bronx, NY, USA.; Department of Pathology, Dana-Farber Cancer Institute, Boston, MA, USA.; Department of Pathology, Brigham and Women's Hospital, Boston, MA, USA.; Department of Pathology, Brigham and Women's Hospital, Boston, MA, USA.; Department of Pathology, Brigham and Women's Hospital, Boston, MA, USA.; Department of Pathology, Boston Children's Hospital, Boston, MA, USA.; Broad Institute of MIT and Harvard, Cambridge, MA, USA.; Division of Hematology, Brigham and Women's Hospital, Boston, MA, USA.; Department of Surgery, Massachusetts General Hospital, Boston, MA, USA.; Department of Medicine A, University Hospital Münster, Münster, Germany.; Division of Leukemia, Dana-Farber Cancer Institute, Boston, MA, USA.; Broad Institute of MIT and Harvard, Cambridge, MA, USA. gabriel_griffin@dfci.harvard.edu.; Department of Pathology, Dana-Farber Cancer Institute, Boston, MA, USA. gabriel_griffin@dfci.harvard.edu.; Department of Pathology, Brigham and Women's Hospital, Boston, MA, USA. gabriel_griffin@dfci.harvard.edu.; Department of Pediatric Oncology, Dana-Farber Cancer Institute, Boston, MA, USA. volker_hovestadt@dfci.harvard.edu.; Broad Institute of MIT and Harvard, Cambridge, MA, USA. volker_hovestadt@dfci.harvard.edu.; Division of Hematology/Oncology, Boston Children's Hospital, Boston, MA, USA. volker_hovestadt@dfci.harvard.edu.","en","Research Article","","","","","steinicke,hovestadt2025rapid epigenomic classification of acute leukemia - Nat Genet.pdf",""
"Journal article","Salik B,van Galen P","","The PERKs of ER homeostasis for hematopoietic stem cells","Blood","Blood","","","2025","146","7","768-769","My Papers","","American Society of Hematology","","2025-08-14","2025-08-15","","0006-4971","1528-0020","https://dx.doi.org/10.1182/blood.2025029931;https://ashpublications.org/blood/article/146/7/768/546514/The-PERKs-of-ER-homeostasis-for-hematopoietic-stem;https://ashpublications.org/blood/article-pdf/146/7/768/2405827/blood_bld-2025-029931-c-main.pdf;https://www.ncbi.nlm.nih.gov/pubmed/40811008;http://dx.doi.org/10.1182/blood.2025029931","10.1182/blood.2025029931","40811008","","In this issue of Blood, Zheng et al1 show that the unfolded protein response (UPR) sensor PERK (protein kinase R-like endoplasmic reticulum kinase) is disp","","","","en","Commentary","","","","","salik,van galen2025the perks of er homeostasis for hematopoietic stem cells - Blood.pdf",""
"Book","Ossandon M,Prickril B,Rasooly A","Ossandon M,Prickril B,Rasooly A","Cancer detection and diagnosis: A handbook of emerging technologies","","","","","2025","","","","My Papers","Highlight","CRC Press","Boca Raton","2025-07-14","2025-08-06","9781003449942","","","https://www.taylorfrancis.com/books/edit/10.1201/9781003449942/cancer-detection-diagnosis-avraham-rasooly-miguel-ossandon-ben-prickril;https://www.taylorfrancis.com/books/9781003449942;http://dx.doi.org/10.1201/9781003449942","10.1201/9781003449942","","","","","","","en","","223-230","","","","",""
"Journal article","Sariipek N,van Galen P","","Insights into leukemia from single-cell genomics","Annu. Rev. Cancer Biol.","Annual Review of Cancer Biology","","","2025","9","1","267-284","My Papers","Highlight","Annual Reviews","","2025-04-11","2024-12-16","","2472-3428","","https://www.annualreviews.org/content/journals/10.1146/annurev-cancerbio-062024-060443;http://dx.doi.org/10.1146/annurev-cancerbio-062024-060443","10.1146/annurev-cancerbio-062024-060443","","","Despite its relatively recent emergence, single-cell sequencing has cemented its place in scientific research. It has grown exponentially in less than two decades since its start, with broad impact in the biological sciences. The blood represents an attractive system for early development and application of single-cell technologies. As a result, single-cell analyses in blood and leukemia have led the way in describing how cellular heterogeneity affects cancer progression. In this review, we discuss the technological and conceptual advances brought by single-cell genomics, ranging from genetic evolution and differentiation states that mediate drug resistance to the complex interactions required for immunotherapy responses. These high-resolution insights are starting to enter clinical assessment.","","","","en","","","","","","sariipek,van galen2025insights into leukemia from single-cell genomics - Annu Rev Cancer Biol.pdf",""
"Journal article","Rettkowski J,Romero-Mulero MC,Singh I,Wadle C,Wrobel J,Chiang D,Hoppe N,Mess J,Schönberger K,Lalioti ME,Jäcklein K,SilvaRego B,Bühler T,Karabacz N,Egg M,Demollin H,Obier N,Zhang YW,Jülicher C,Hetkamp A,Czerny M,Jones MJ,Seung H,Jain R,von Zur Mühlen C,Maier A,Lother A,Hilgendorf I,van Galen P,Kreso A,Westermann D,Rodriguez-Fraticelli AE,Heidt T,Cabezas-Wallscheid N","","Modulation of bone marrow haematopoietic stem cell activity as a therapeutic strategy after myocardial infarction: a preclinical study","Nat. Cell Biol.","Nature Cell Biology","","","2025","27","4","591-604","My Papers","AK 2023 - Feb 2026","Springer Science and Business Media LLC","","2025-04","2025-06-15","","1476-4679","1465-7392","https://www.nature.com/articles/s41556-025-01639-4;http://dx.doi.org/10.1038/s41556-025-01639-4;https://www.ncbi.nlm.nih.gov/pubmed/40175666;https://www.ncbi.nlm.nih.gov/pmc/articles/PMC11991920;https://scholar.google.com/citations?view_op=view_citation&hl=en&citation_for_view=_WUhKksAAAAJ:bEWYMUwI8FkC","10.1038/s41556-025-01639-4","40175666","PMC11991920","Myocardial infarction (MI) is a major global health concern. Although myeloid cells are crucial for tissue repair in emergency haematopoiesis after MI, excessive myelopoiesis can exacerbate scarring and impair cardiac function. Bone marrow (BM) haematopoietic stem cells (HSCs) have the unique capability to replenish the haematopoietic system, but their role in emergency haematopoiesis after MI has not yet been established. Here we collected human sternal BM samples from over 150 cardiac surgery patients, selecting 49 with preserved cardiac function. We show that MI causes detrimental transcriptional and functional changes in human BM HSCs. Lineage tracing experiments suggest that HSCs are contributors of pro-inflammatory myeloid cells infiltrating cardiac tissue after MI. Therapeutically, enforcing HSC quiescence with the vitamin A metabolite 4-oxo-retinoic acid dampens inflammatory myelopoiesis, thereby modulating tissue remodelling and preserving long-term cardiac function after MI.","","https://creativecommons.org/licenses/by/4.0","","en","Research Article","","","","","rettkowski,cabezas-wallscheid2025modulation of bone marrow haematopoieti ... egy after myocardial infarction - a preclinical study - Nat Cell Biol.pdf",""
"Journal article","Good JD,Safina KR,Miller TE,van Galen P","","Protocol for mitochondrial variant enrichment from single-cell RNA sequencing using MAESTER","STAR Protoc.","STAR Protocols","","","2025","6","1","103564","My Papers","Highlight","Elsevier BV","","2025-03-21","2025-01-15","","2666-1667","","http://dx.doi.org/10.1016/j.xpro.2024.103564;https://www.sciencedirect.com/science/article/pii/S2666166724007299;https://linkinghub.elsevier.com/retrieve/pii/S2666166724007299;https://www.ncbi.nlm.nih.gov/pubmed/39817913;https://www.ncbi.nlm.nih.gov/pmc/articles/PMC11786739","10.1016/j.xpro.2024.103564","39817913","PMC11786739","Single-cell RNA sequencing (scRNA-seq) enables detailed characterization of cell states but often lacks insights into tissue clonal structures. Here, we present a protocol to probe cell states and clonal information simultaneously by enriching mitochondrial DNA (mtDNA) variants from 3'-barcoded full-length cDNA. We describe steps for input library preparation, mtDNA enrichment, PCR product cleanup, and paired-end sequencing. We then detail computational steps for running maegatk, variant calling, and data integration to illuminate cell states and clonal dynamics in primary human tissues. For complete details on the use and execution of this protocol, please refer to Miller et al.1.","Genetics; RNA-seq; Sequence analysis; Single Cell","http://creativecommons.org/licenses/by-nc-nd/4.0/","","en","Research Article","","","","","good,van galen2025protocol for mitochondrial variant enrichment from single-cell rna sequencing using maester - STAR Protoc.pdf",""
"Journal article","Safina K,van Galen P","","New frameworks for hematopoiesis derived from single-cell genomics","Blood","Blood","","","2024","144","10","1039-1047","My Papers","Highlight","American Society of Hematology","","2024-09-05","2024-08-16","","1528-0020","0006-4971","https://ashpublications.org/blood/article/doi/10.1182/blood.2024024006/516934/New-frameworks-for-hematopoiesis-derived-from;https://ashpublications.org/blood/article/144/10/1039/516934/New-frameworks-for-hematopoiesis-derived-from;http://dx.doi.org/10.1182/blood.2024024006;https://www.ncbi.nlm.nih.gov/pubmed/38985829;https://www.ncbi.nlm.nih.gov/pmc/articles/PMC11561540","10.1182/blood.2024024006","38985829","PMC11561540","ABSTRACT: Recent advancements in single-cell genomics have enriched our understanding of hematopoiesis, providing intricate details about hematopoietic stem cell biology, differentiation, and lineage commitment. Technological advancements have highlighted extensive heterogeneity of cell populations and continuity of differentiation routes. Nevertheless, intermediate ""attractor"" states signify structure in stem and progenitor populations that link state transition dynamics to fate potential. We discuss how innovative model systems quantify lineage bias and how stress accelerates differentiation, thereby reducing fate plasticity compared with native hematopoiesis. We conclude by offering our perspective on the current model of hematopoiesis and discuss how a more precise understanding can translate to strategies that extend healthy hematopoiesis and prevent disease.","","","","en","Review","","","","","safina,van galen2024new frameworks for hematopoiesis derived from single-cell genomics - Blood.pdf",""
"Journal article","Heimlich JB,Bhat P,Parker AC,Jenkins MT,Vlasschaert C,Ulloa J,Van Amburg JC,Potts CR,Olson S,Silver AJ,Ahmad A,Sharber B,Brown D,Hu N,van Galen P,Savona MR,Bick AG,Ferrell PB","","Multiomic profiling of human clonal hematopoiesis reveals genotype and cell-specific inflammatory pathway activation","Blood Adv.","Blood Advances","","","2024","8","14","3665-3678","My Papers","","American Society of Hematology","","2024-07-23","2024-06-25","","2473-9529","2473-9537","https://ashpublications.org/bloodadvances/article-pdf/doi/10.1182/bloodadvances.2023011445/2218801/bloodadvances.2023011445.pdf;https://dx.doi.org/10.1182/bloodadvances.2023011445;https://ashpublications.org/bloodadvances/article/doi/10.1182/bloodadvances.2023011445/515374/Multiomic-Profiling-of-Human-Clonal-Hematopoiesis;https://www.ncbi.nlm.nih.gov/pubmed/38507736;https://ashpublications.org/bloodadvances/article/8/14/3665/515374/Multiomic-profiling-of-human-clonal-hematopoiesis;https://www.ncbi.nlm.nih.gov/pmc/articles/PMC11284682;http://dx.doi.org/10.1182/bloodadvances.2023011445","10.1182/bloodadvances.2023011445","38507736","PMC11284682","ABSTRACT: Clonal hematopoiesis (CH) is an age-associated phenomenon that increases the risk of hematologic malignancy and cardiovascular disease. CH is thought to enhance disease risk through inflammation in the peripheral blood.1 Here, we profile peripheral blood gene expression in 66 968 single cells from a cohort of 17 patients with CH and 7 controls. Using a novel mitochondrial DNA barcoding approach, we were able to identify and separately compare mutant Tet methylcytosine dioxygenase 2 (TET2) and DNA methyltransferase 3A (DNMT3A) cells with nonmutant counterparts. We discovered the vast majority of mutated cells were in the myeloid compartment. Additionally, patients harboring DNMT3A and TET2 CH mutations possessed a proinflammatory profile in CD14+ monocytes through previously unrecognized pathways such as galectin and macrophage inhibitory factor. We also found that T cells from patients with CH, although mostly unmutated, had decreased expression of GTPase of the immunity associated protein genes, which are critical to T-cell development, suggesting that CH impairs T-cell function.","","https://creativecommons.org/licenses/by-nc-nd/4.0/","","en","Research Article","","","","","heimlich,ferrell2024multiomic profiling of human clonal hematopoiesis re ... enotype and cell-specific inflammatory pathway activation - Blood Adv.pdf",""
"Journal article","Talvard-Balland N,Braun LM,Dixon KO,Zwick M,Engel H,Hartmann A,Duquesne S,Penter L,Andrieux G,Rindlisbacher L,Acerbis A,Ehmann J,Köllerer C,Ansuinelli M,Rettig A,Moschallski K,Apostolova P,Brummer T,Illert AL,Schramm MA,Cheng Y,Köttgen A,Duyster J,Menssen HD,Ritz J,Blazar BR,Boerries M,Schmitt-Gräff A,Sariipek N,Van Galen P,Buescher JM,Cabezas-Wallscheid N,Pahl HL,Pearce EL,Soiffer RJ,Wu CJ,Vago L,Becher B,Köhler N,Wertheimer T,Kuchroo VK,Zeiser R","","Oncogene-induced TIM-3 ligand expression dictates susceptibility to anti-TIM-3 therapy in mice","J. Clin. Invest.","The Journal of Clinical Investigation","","","2024","134","16","","My Papers","","American Society for Clinical Investigation","","2024-06-25","2024-06-28","","1558-8238","0021-9738","https://pubmed.ncbi.nlm.nih.gov/38916965/;http://dx.doi.org/10.1172/JCI177460;https://www.ncbi.nlm.nih.gov/pubmed/38916965;https://www.jci.org/articles/view/177460;https://www.ncbi.nlm.nih.gov/pmc/articles/PMC11324309","10.1172/JCI177460","38916965","PMC11324309","Leukemia relapse is a major cause of death after allogeneic hematopoietic cell transplantation (allo-HCT). We tested the potential of targeting T cell (Tc) immunoglobulin and mucin-containing molecule 3 (TIM-3) for improving graft-versus-leukemia (GVL) effects. We observed differential expression of TIM-3 ligands when hematopoietic stem cells overexpressed certain oncogenic-driver mutations. Anti-TIM-3 Ab treatment improved survival of mice bearing leukemia with oncogene-induced TIM-3 ligand expression. Conversely, leukemia cells with low ligand expression were anti-TIM-3 treatment resistant. In vitro, TIM-3 blockade or genetic deletion in CD8+ Tc enhanced Tc activation, proliferation, and IFN-γ production while enhancing GVL effects, preventing Tc exhaustion, and improving Tc cytotoxicity and glycolysis in vivo. Conversely, TIM-3 deletion in myeloid cells did not affect allogeneic Tc proliferation and activation in vitro, suggesting that anti-TIM-3 treatment-mediated GVL effects are Tc induced. In contrast to anti-programmed cell death protein 1 (anti-PD-1) and anti-cytotoxic T lymphocyte-associated protein 4 (anti-CTLA-4) treatment, anti-TIM-3-treatment did not enhance acute graft-versus-host disease (aGVHD). TIM-3 and its ligands were frequently expressed in acute myeloid leukemia (AML) cells of patients with post-allo-HCT relapse. We decipher the connections between oncogenic mutations found in AML and TIM-3 ligand expression and identify anti-TIM-3 treatment as a strategy for enhancing GVL effects via metabolic and transcriptional Tc reprogramming without exacerbation of aGVHD. Our findings support clinical testing of anti-TIM-3 Ab in patients with AML relapse after allo-HCT.","Bone marrow transplantation; Transplantation","http://creativecommons.org/licenses/by/4.0/","","en","Research Article","","","","","talvard-balland,zeiser2024oncogene-induced tim-3 ligand expression dictates susceptibility to anti-tim-3 therapy in mice - J Clin Invest.pdf",""
"Journal article","Luo Q,Raulston EG,Prado MA,Wu X,Gritsman K,Whalen KS,Yan K,Booth CAG,Xu R,van Galen P,Doench JG,Shimony S,Long HW,Neuberg DS,Paulo JA,Lane AA","","Targetable leukaemia dependency on noncanonical PI3Kγ signalling","Nature","Nature","","","2024","630","8015","198-205","My Papers","","Springer Science and Business Media LLC","","2024-06-08","","","0028-0836","1476-4687","http://dx.doi.org/10.1038/s41586-024-07410-3;https://www.ncbi.nlm.nih.gov/pubmed/38720074;https://www.ncbi.nlm.nih.gov/pmc/articles/5634331;https://www.nature.com/articles/s41586-024-07410-3;https://www.nature.com/articles/s41586-024-07410-3.pdf;https://www.nature.com/articles/s41586-024-07410-3.epdf?sharing_token=dPZ1CZUowKng_h42kkZ-o9RgN0jAjWel9jnR3ZoTv0OjTWAMPrfAbg49CYdUf2BIASdd4ub1Sbnq6e91y_okC3ymG51ekIWmlclRrIGaMfcSmkXJRKeJ1PO-Y57eQ1ZsAPyjphPvI3e_0fyYvVhnxAGmXE-x9VADMFdqkOzjxq8%3D","10.1038/s41586-024-07410-3","38720074","5634331","Phosphoinositide-3-kinase-γ (PI3Kγ) is implicated as a target to repolarize tumour-associated macrophages and promote antitumour immune responses in solid cancers1-4. However, cancer cell-intrinsic roles of PI3Kγ are unclear. Here, by integrating unbiased genome-wide CRISPR interference screening with functional analyses across acute leukaemias, we define a selective dependency on the PI3Kγ complex in a high-risk subset that includes myeloid, lymphoid and dendritic lineages. This dependency is characterized by innate inflammatory signalling and activation of phosphoinositide 3-kinase regulatory subunit 5 (PIK3R5), which encodes a regulatory subunit of PI3Kγ5 and stabilizes the active enzymatic complex. We identify p21 (RAC1)-activated kinase 1 (PAK1) as a noncanonical substrate of PI3Kγ that mediates this cell-intrinsic dependency and find that dephosphorylation of PAK1 by PI3Kγ inhibition impairs mitochondrial oxidative phosphorylation. Treatment with the selective PI3Kγ inhibitor eganelisib is effective in leukaemias with activated PIK3R5. In addition, the combination of eganelisib and cytarabine prolongs survival over either agent alone, even in patient-derived leukaemia xenografts with low baseline PIK3R5 expression, as residual leukaemia cells after cytarabine treatment have elevated G protein-coupled purinergic receptor activity and PAK1 phosphorylation. Together, our study reveals a targetable dependency on PI3Kγ-PAK1 signalling that is amenable to near-term evaluation in patients with acute leukaemia.","","https://www.springernature.com/gp/researchers/text-and-data-mining","Department of Medical Oncology, Dana-Farber Cancer Institute, Harvard Medical School, Boston, MA, USA. Instituto de Investigación Sanitaria del Principado de Asturias (ISPA), Oviedo, Spain. Department of Cell Biology, Harvard Medical School, Boston, MA, USA. Department of Cancer Biology, Dana-Farber Cancer Institute, Boston, MA, USA. Department of Genetics, Blavatnik Institute, Harvard Medical School, Boston, MA, USA. Department of Medical Oncology, Albert Einstein College of Medicine, Bronx, NY, USA. Department of Cell Biology, Albert Einstein College of Medicine, Bronx, NY, USA. Division of Hematology, Brigham and Women's Hospital, Boston, MA, USA. Genetic Perturbation Platform, Broad Institute of MIT and Harvard, Cambridge, MA, USA. Department of Hematology, Rabin Medical Center, Tel Aviv Faculty of Medicine, Tel Aviv, Israel. Center for Functional Cancer Epigenetics, Dana-Farber Cancer Institute, Boston, MA, USA. Department of Data Science, Dana-Farber Cancer Institute, Boston, MA, USA. Department of Medical Oncology, Dana-Farber Cancer Institute, Harvard Medical School, Boston, MA, USA. andrew_lane@dfci.harvard.edu.","en","Research Article","","","","","luo,lane2024targetable leukaemia dependency on noncanonical pi3kγ signalling - Nature.pdf",""
"Journal article","Spasic M,Ogayo ER,Parsons AM,Mittendorf EA,van Galen P,McAllister SS","","Spectral flow cytometry methods and pipelines for comprehensive immunoprofiling of human peripheral blood and bone marrow","Cancer Res. Commun.","Cancer Research Communications","","","2024","4","3","895-910","My Papers","Highlight","American Association for Cancer Research (AACR)","","2024-03-25","2024-03-12","","2767-9764","","https://aacrjournals.org/cancerrescommun/article/doi/10.1158/2767-9764.CRC-23-0357/735108/Spectral-Flow-Cytometry-Methods-and-Pipelines-for;https://aacrjournals.org/cancerrescommun/article-pdf/doi/10.1158/2767-9764.CRC-23-0357/3422588/crc-23-0357.pdf;http://dx.doi.org/10.1158/2767-9764.crc-23-0357;https://aacrjournals.org/cancerrescommun/article/4/3/895/741931/Spectral-Flow-Cytometry-Methods-and-Pipelines-for;https://www.ncbi.nlm.nih.gov/pubmed/38466569;https://www.ncbi.nlm.nih.gov/pmc/articles/PMC10962315;http://dx.doi.org/10.1158/2767-9764.CRC-23-0357","10.1158/2767-9764.CRC-23-0357","38466569","PMC10962315","Profiling hematopoietic and immune cells provides important information about disease risk, disease status, and therapeutic responses. Spectral flow cytometry enables high-dimensional single-cell evaluation of large cohorts in a high-throughput manner. Here, we designed, optimized, and implemented new methods for deep immunophenotyping of human peripheral blood and bone marrow by spectral flow cytometry. Two blood antibody panels capture 48 cell-surface markers to assess more than 58 cell phenotypes, including subsets of T cells, B cells, monocytes, natural killer (NK) cells, and dendritic cells, and their respective markers of exhaustion, activation, and differentiation in less than 2 mL of blood. A bone marrow antibody panel captures 32 markers for 35 cell phenotypes, including stem/progenitor populations, T-cell subsets, dendritic cells, NK cells, and myeloid cells in a single tube. We adapted and developed innovative flow cytometric analysis algorithms, originally developed for single-cell genomics, to improve data integration and visualization. We also highlight technical considerations for users to ensure data fidelity. Our protocol and analysis pipeline accurately identifies rare cell types, discerns differences in cell abundance and phenotype across donors, and shows concordant immune landscape trends in patients with known hematologic malignancy. SIGNIFICANCE: This study introduces optimized methods and analysis algorithms that enhance capabilities in comprehensive immunophenotyping of human blood and bone marrow using spectral flow cytometry. This approach facilitates detection of rare cell types, enables measurement of cell variations across donors, and provides proof-of-concept in identifying known hematologic malignancies. By unlocking complexities of hematopoietic and immune landscapes at the single-cell level, this advancement holds potential for understanding disease states and therapeutic responses.","","https://creativecommons.org/licenses/by/4.0/","Brigham and Women's Hospital, Boston, MA, United States; Dana-Farber Cancer Institute, United States; Brigham and Women's Hospital, United States; Harvard Medical School, Boston, MA, United States","en","Research Article","","","","","spasic,mcallister2024spectral flow cytometry methods and pipelines for c ... ofiling of human peripheral blood and bone marrow - Cancer Res Commun.pdf",""
"Journal article","Weng C,Yu F,Yang D,Poeschla M,Liggett LA,Jones MG,Qiu X,Wahlster L,Caulier A,Hussmann JA,Schnell A,Yost KE,Koblan LW,Martin-Rufino JD,Min J,Hammond A,Ssozi D,Bueno R,Mallidi H,Kreso A,Escabi J,Rideout 3rd WM,Jacks T,Hormoz S,van Galen P,Weissman JS,Sankaran VG","","Deciphering cell states and genealogies of human haematopoiesis","Nature","Nature","","","2024","627","8003","389-398","My Papers","AK 2023 - Feb 2026","Springer Science and Business Media LLC","","2024-03-22","","","0028-0836","1476-4687","https://www.nature.com/articles/s41586-024-07066-z;https://www.nature.com/articles/s41586-024-07066-z.pdf;http://dx.doi.org/10.1038/s41586-024-07066-z;https://www.ncbi.nlm.nih.gov/pubmed/38253266;https://www.ncbi.nlm.nih.gov/pmc/articles/PMC10937407;https://scholar.google.com/citations?view_op=view_citation&hl=en&citation_for_view=_WUhKksAAAAJ:mVmsd5A6BfQC","10.1038/s41586-024-07066-z","38253266","PMC10937407","The human blood system is maintained through the differentiation and massive amplification of a limited number of long-lived haematopoietic stem cells (HSCs)1. Perturbations to this process underlie diverse diseases, but the clonal contributions to human haematopoiesis and how this changes with age remain incompletely understood. Although recent insights have emerged from barcoding studies in model systems2-5, simultaneous detection of cell states and phylogenies from natural barcodes in humans remains challenging. Here we introduce an improved, single-cell lineage-tracing system based on deep detection of naturally occurring mitochondrial DNA mutations with simultaneous readout of transcriptional states and chromatin accessibility. We use this system to define the clonal architecture of HSCs and map the physiological state and output of clones. We uncover functional heterogeneity in HSC clones, which is stable over months and manifests as both differences in total HSC output and biases towards the production of different mature cell types. We also find that the diversity of HSC clones decreases markedly with age, leading to an oligoclonal structure with multiple distinct clonal expansions. Our study thus provides a clonally resolved and cell-state-aware atlas of human haematopoiesis at single-cell resolution, showing an unappreciated functional diversity of human HSC clones and, more broadly, paving the way for refined studies of clonal dynamics across a range of tissues in human health and disease.","","https://creativecommons.org/licenses/by/4.0","","en","Research Article","","","","","weng,sankaran2024 - Supplement.pdf;weng,sankaran2024deciphering cell states and genealogies of human haematopoiesis - Nature.pdf",""
"Journal article","Griffin GK,Booth CAG,Togami K,Chung SS,Ssozi D,Verga JA,Bouyssou JM,Lee YS,Shanmugam V,Hornick JL,LeBoeuf NR,Morgan EA,Bernstein BE,Hovestadt V,van Galen P,Lane AA","","Ultraviolet radiation shapes dendritic cell leukaemia transformation in the skin","Nature","Nature","","","2023","618","7966","834-841","My Papers","Highlight","Springer Science and Business Media LLC","","2023-06-07","2023-06-07","","0028-0836","1476-4687","http://dx.doi.org/10.1038/s41586-023-06156-8;https://www.ncbi.nlm.nih.gov/pubmed/37286599;https://www.ncbi.nlm.nih.gov/pmc/articles/4306669;https://www.nature.com/articles/s41586-023-06156-8;https://www.nature.com/articles/s41586-023-06156-8.pdf;https://www.ncbi.nlm.nih.gov/pmc/articles/PMC10284703","10.1038/s41586-023-06156-8","37286599","PMC10284703","Tumours most often arise from progression of precursor clones within a single anatomical niche. In the bone marrow, clonal progenitors can undergo malignant transformation to acute leukaemia, or differentiate into immune cells that contribute to disease pathology in peripheral tissues1-4. Outside the marrow, these clones are potentially exposed to a variety of tissue-specific mutational processes, although the consequences of this are unclear. Here we investigate the development of blastic plasmacytoid dendritic cell neoplasm (BPDCN)-an unusual form of acute leukaemia that often presents with malignant cells isolated to the skin5. Using tumour phylogenomics and single-cell transcriptomics with genotyping, we find that BPDCN arises from clonal (premalignant) haematopoietic precursors in the bone marrow. We observe that BPDCN skin tumours first develop at sun-exposed anatomical sites and are distinguished by clonally expanded mutations induced by ultraviolet (UV) radiation. A reconstruction of tumour phylogenies reveals that UV damage can precede the acquisition of alterations associated with malignant transformation, implicating sun exposure of plasmacytoid dendritic cells or committed precursors during BPDCN pathogenesis. Functionally, we find that loss-of-function mutations in Tet2, the most common premalignant alteration in BPDCN, confer resistance to UV-induced cell death in plasmacytoid, but not conventional, dendritic cells, suggesting a context-dependent tumour-suppressive role for TET2. These findings demonstrate how tissue-specific environmental exposures at distant anatomical sites can shape the evolution of premalignant clones to disseminated cancer.","","https://creativecommons.org/licenses/by/4.0","Department of Pathology, Dana-Farber Cancer Institute, Boston, MA, USA. gabriel_griffin@dfci.harvard.edu. Broad Institute of MIT and Harvard, Cambridge, MA, USA. gabriel_griffin@dfci.harvard.edu. Department of Pathology, Brigham and Women's Hospital, Boston, MA, USA. gabriel_griffin@dfci.harvard.edu. Department of Medical Oncology, Dana-Farber Cancer Institute, Boston, MA, USA. Broad Institute of MIT and Harvard, Cambridge, MA, USA. Division of Hematology, Brigham and Women's Hospital, Boston, MA, USA. Department of Cancer Biology, Dana-Farber Cancer Institute, Boston, MA, USA. Department of Pathology, Brigham and Women's Hospital, Boston, MA, USA. Department of Dermatology, Center for Cutaneous Oncology, Dana-Farber Cancer Institute and Brigham and Women's Hospital, Boston, MA, USA. Department of Cell Biology, Harvard Medical School, Boston, MA, USA. Ludwig Center at Harvard, Harvard Medical School, Boston, MA, USA. Broad Institute of MIT and Harvard, Cambridge, MA, USA. volker_hovestadt@dfci.harvard.edu. Department of Pediatric Oncology, Dana-Farber Cancer Institute, Boston, MA, USA. volker_hovestadt@dfci.harvard.edu. Division of Hematology/Oncology, Boston Children's Hospital, Boston, MA, USA. volker_hovestadt@dfci.harvard.edu. Broad Institute of MIT and Harvard, Cambridge, MA, USA. pvangalen@bwh.harvard.edu. Division of Hematology, Brigham and Women's Hospital, Boston, MA, USA. pvangalen@bwh.harvard.edu. Ludwig Center at Harvard, Harvard Medical School, Boston, MA, USA. pvangalen@bwh.harvard.edu. Broad Institute of MIT and Harvard, Cambridge, MA, USA. andrew_lane@dfci.harvard.edu. Department of Medical Oncology, Dana-Farber Cancer Institute, Boston, MA, USA. andrew_lane@dfci.harvard.edu. Ludwig Center at Harvard, Harvard Medical School, Boston, MA, USA. andrew_lane@dfci.harvard.edu.","en","Research Article","","","","","griffin,lane2023ultraviolet radiation shapes dendritic cell leukaemia transformation in the skin - Nature.pdf",""
"Journal article","Lee YS,van Galen P","","Mutation signatures reveal clonal evolution","Blood","Blood","","","2023","141","19","2292-2293","My Papers","","","","2023-05-11","","","0006-4971","1528-0020","http://dx.doi.org/10.1182/blood.2022019510;https://www.ncbi.nlm.nih.gov/pubmed/37166926;https://pubmed.ncbi.nlm.nih.gov/37166926;https://ashpublications.org/blood/article/141/19/2292/495576/Mutation-signatures-reveal-clonal-evolution","10.1182/blood.2022019510","37166926","","","","","Brigham and Women's Hospital.","en","Commentary","","","","","lee,van galen2023mutation signatures reveal clonal evolution - Blood.pdf",""
"Journal article","Jutzi JS,Marneth AE,Jiménez-Santos MJ,Hem J,Guerra-Moreno A,Rolles B,Bhatt S,Myers SA,Carr SA,Hong Y,Pozdnyakova O,van Galen P,Al-Shahrour F,Nam AS,Mullally A","","CALR-mutated cells are vulnerable to combined inhibition of the proteasome and the endoplasmic reticulum stress response","Leukemia","Leukemia","","","2023","37","2","359-369","My Papers","","Springer Science and Business Media LLC","","2023-02","","","0887-6924","1476-5551","http://dx.doi.org/10.1038/s41375-022-01781-0;https://www.ncbi.nlm.nih.gov/pubmed/36473980;https://www.nature.com/articles/s41375-022-01781-0;https://www.nature.com/articles/s41375-022-01781-0.pdf;https://www.nature.com/articles/s41375-022-01781-0?utm_source=leu_etoc&utm_medium=email&utm_campaign=toc_41375_37_2&utm_content=20230204;https://www.ncbi.nlm.nih.gov/pmc/articles/PMC12413246","10.1038/s41375-022-01781-0","36473980","PMC12413246","Cancer is driven by somatic mutations that provide a fitness advantage. While targeted therapies often focus on the mutated gene or its direct downstream effectors, imbalances brought on by cell-state alterations may also confer unique vulnerabilities. In myeloproliferative neoplasms (MPN), somatic mutations in the calreticulin (CALR) gene are disease-initiating through aberrant binding of mutant CALR to the thrombopoietin receptor MPL and ligand-independent activation of JAK-STAT signaling. Despite these mechanistic insights into the pathogenesis of CALR-mutant MPN, there are currently no mutant CALR-selective therapies available. Here, we identified differential upregulation of unfolded proteins, the proteasome and the ER stress response in CALR-mutant hematopoietic stem cells (HSCs) and megakaryocyte progenitors. We further found that combined pharmacological inhibition of the proteasome and IRE1-XBP1 axis of the ER stress response preferentially targets Calr-mutated HSCs and megakaryocytic-lineage cells over wild-type cells in vivo, resulting in an amelioration of the MPN phenotype. In serial transplantation assays following combined proteasome/IRE1 inhibition for six weeks, we did not find preferential depletion of Calr-mutant long-term HSCs. Together, these findings leverage altered proteostasis in Calr-mutant MPN to identify combinatorial dependencies that may be targeted for therapeutic benefit and suggest that eradicating disease-propagating Calr-mutant LT-HSCs may require more sustained treatment.","","https://www.springernature.com/gp/researchers/text-and-data-mining","Division of Hematology, Department of Medicine, Brigham and Women's Hospital, Harvard Medical School, Boston, MA, USA. Bioinformatics Unit, Structural Biology Programme, Spanish National Cancer Research Centre (CNIO), Madrid, Spain. Department of Medical Oncology, Dana-Farber Cancer Institute, Boston, MA, USA. Department of Pharmacy, National University of Singapore, Singapore, Singapore. Center for Autoimmunity and Inflammation, La Jolla Institute for Immunology, La Jolla, CA, 92037, USA. The Broad Institute of MIT and Harvard, Cambridge, MA, USA. Department of Chemistry and Physics, La Trobe Institute for Molecular Science, La Trobe University, Melbourne, VIC, 3083, Australia. Department of Pathology, Brigham and Women's Hospital, Harvard Medical School, Boston, MA, USA. Weill Cornell Medicine, New York City, N.Y., USA. Division of Hematology, Department of Medicine, Brigham and Women's Hospital, Harvard Medical School, Boston, MA, USA. ann_mullally@dfci.harvard.edu. Department of Medical Oncology, Dana-Farber Cancer Institute, Boston, MA, USA. ann_mullally@dfci.harvard.edu. The Broad Institute of MIT and Harvard, Cambridge, MA, USA. ann_mullally@dfci.harvard.edu.","en","Research Article","","","","","jutzi,mullally2023calr-mutated cells are vulnerable to combined inhibiti ... e proteasome and the endoplasmic reticulum stress response - Leukemia.pdf",""
"Journal article","Najm FJ,DeWeirdt P,Moore MM,Bevill SM,El Farran CA,Macias KA,Hegde M,Waterbury AL,Liau BB,van Galen P,Doench JG,Bernstein BE","","Chromatin complex dependencies reveal targeting opportunities in leukemia","Nat. Commun.","Nature Communications","","","2023","14","1","448","My Papers","","Springer Science and Business Media LLC","","2023-01-27","","","2041-1723","","http://dx.doi.org/10.1038/s41467-023-36150-7;https://www.ncbi.nlm.nih.gov/pubmed/36707513;https://www.ncbi.nlm.nih.gov/pmc/articles/PMC9883437;https://pubmed.ncbi.nlm.nih.gov/36707513;https://www.nature.com/articles/s41467-023-36150-7","10.1038/s41467-023-36150-7","36707513","PMC9883437","Chromatin regulators are frequently mutated in human cancer and are attractive drug targets. They include diverse proteins that share functional domains and assemble into related multi-subunit complexes. To investigate functional relationships among these regulators, here we apply combinatorial CRISPR knockouts (KOs) to test over 35,000 gene-gene pairings in leukemia cells, using a library of over 300,000 constructs. Top pairs that demonstrate either compensatory non-lethal interactions or synergistic lethality enrich for paralogs and targets that occupy the same protein complex. The screen highlights protein complex dependencies not apparent in single KO screens, for example MCM histone exchange, the nucleosome remodeling and deacetylase (NuRD) complex, and HBO1 (KAT7) complex. We explore two approaches to NuRD complex inactivation. Paralog and non-paralog combinations of the KAT7 complex emerge as synergistic lethal and specifically nominate the ING5 PHD domain as a potential therapeutic target when paired with other KAT7 complex member losses. These findings highlight the power of combinatorial screening to provide mechanistic insight and identify therapeutic targets within redundant networks.","","https://creativecommons.org/licenses/by/4.0","Gene Regulation Observatory, Broad Institute of MIT and Harvard, Cambridge, MA, USA. Genetic Perturbation Platform, Broad Institute of MIT and Harvard, Cambridge, MA, USA. Department of Cancer Biology, Dana-Farber Cancer Institute, Boston, MA, USA. Departments of Cell Biology and Pathology, Harvard Medical School, Boston, MA, USA. Department of Chemistry and Chemical Biology, Harvard University, Cambridge, MA, USA. Division of Hematology, Brigham and Women's Hospital, Boston, MA, USA. Gene Regulation Observatory, Broad Institute of MIT and Harvard, Cambridge, MA, USA. Bradley_Bernstein@dfci.harvard.edu. Department of Cancer Biology, Dana-Farber Cancer Institute, Boston, MA, USA. Bradley_Bernstein@dfci.harvard.edu. Departments of Cell Biology and Pathology, Harvard Medical School, Boston, MA, USA. Bradley_Bernstein@dfci.harvard.edu.","en","Research Article","","","","","najm,bernstein2023chromatin complex dependencies reveal targeting opportunities in leukemia - Nat Commun.pdf",""
"Journal article","Lee KM,Fu Q,Huai G,Deng K,Lei J,Kojima L,Agarwal D,van Galen P,Kimura S,Tanimine N,Washburn L,Yeh H,Naji A,Rickert CG,LeGuern C,Markmann JF","","Suppression of allograft rejection by regulatory B cells induced via TLR signaling","JCI Insight","JCI Insight","","","2022","7","17","","My Papers","","American Society for Clinical Investigation","","2022-09-08","","","2379-3708","","http://dx.doi.org/10.1172/jci.insight.152213;https://www.ncbi.nlm.nih.gov/pubmed/35943811;https://doi.org/10.1172/jci.insight.152213;https://pubmed.ncbi.nlm.nih.gov/35943811;https://insight.jci.org/articles/view/152213;https://www.ncbi.nlm.nih.gov/pmc/articles/PMC9536278","10.1172/jci.insight.152213","35943811","PMC9536278","B lymphocytes have long been recognized for their critical contributions to adaptive immunity, providing defense against pathogens through cognate antigen presentation to T cells and Ab production. More recently appreciated is that B cells are also integral in securing self-tolerance; this has led to interest in their therapeutic application to downregulate unwanted immune responses, such as transplant rejection. In this study, we found that PMA- and ionomycin-activated mouse B cells acquire regulatory properties following stimulation through TLR4/TLR9 receptors (Bregs-TLR). Bregs-TLR efficiently inhibited T cell proliferation in vitro and prevented allograft rejection. Unlike most reported Breg activities, the inhibition of alloimmune responses by Bregs-TLR relied on the expression of TGF-β and not IL-10. In vivo, Bregs-TLR interrupted donor-specific T cell expansion and induced Tregs in a TGF-β-dependent manner. RNA-Seq analyses corroborated the involvement of TGF-β pathways in Breg-TLR function, identified potential gene pathways implicated in preventing graft rejection, and suggested targets to foster Breg regulation.","Cellular immune response; Immunology; Immunotherapy; Tolerance; Transplantation","http://creativecommons.org/licenses/by/4.0/","Department of Surgery, Massachusetts General Hospital, Harvard Medical School, Boston, United States of America. Organ Transplantation Center, University of Electronic Science and Technology of China, Chengdu, China. Department of Surgery, Hospital of the University of Pennsylvania, Philadelphia, United States of America. Division of Hematology, Brigham & Womans Hospital, Harvard Medical School, Boston, United States of America. Department of Gastroenterological and Transplantation Surgery, Hiroshima University, Hiroshima, Japan.","en","Research Article","","","","","lee,markmann2022suppression of allograft rejection by regulatory b cells induced via tlr signaling - JCI Insight.pdf",""
"Journal article","Miller TE,Lareau CA,Verga JA,DePasquale EAK,Liu V,Ssozi D,Sandor K,Yin Y,Ludwig LS,El Farran CA,Morgan DM,Satpathy AT,Griffin GK,Lane AA,Love JC,Bernstein BE,Sankaran VG,van Galen P","","Mitochondrial variant enrichment from high-throughput single-cell RNA sequencing resolves clonal populations","Nat. Biotechnol.","Nature Biotechnology","","","2022","40","7","1030-1034","My Papers","Highlight","Springer Science and Business Media LLC","","2022-07-24","2022-02-24","","1087-0156","1546-1696","http://dx.doi.org/10.1038/s41587-022-01210-8;https://www.ncbi.nlm.nih.gov/pubmed/35210612;https://doi.org/10.1038/s41587-022-01210-8;https://www.nature.com/articles/s41587-022-01210-8;https://www.nature.com/articles/s41587-022-01210-8.pdf;https://www.ncbi.nlm.nih.gov/pmc/articles/PMC9288977","10.1038/s41587-022-01210-8","35210612","PMC9288977","The combination of single-cell transcriptomics with mitochondrial DNA variant detection can be used to establish lineage relationships in primary human cells, but current methods are not scalable to interrogate complex tissues. Here, we combine common 3' single-cell RNA-sequencing protocols with mitochondrial transcriptome enrichment to increase coverage by more than 50-fold, enabling high-confidence mutation detection. The method successfully identifies skewed immune-cell expansions in primary human clonal hematopoiesis.","","","Department of Pathology, Massachusetts General Hospital, Boston, MA, USA. Broad Institute of MIT and Harvard, Cambridge, MA, USA. Department of Cancer Biology, Dana-Farber Cancer Institute, Boston, MA, USA. Department of Pathology, Stanford University, Stanford, CA, USA. Department of Genetics, Stanford University, Stanford, CA, USA. Division of Hematology/Oncology, Boston Children's Hospital and Department of Pediatric Oncology, Dana-Farber Cancer Institute, Harvard Medical School, Boston, MA, USA. Division of Hematology, Brigham and Women's Hospital, Department of Medicine, Harvard Medical School, Boston, MA, USA. Berlin Institute of Health at Charité - Universitätsmedizin Berlin, Berlin Institute for Medical Systems Biology, Max Delbrück Center for Molecular Medicine in the Helmholtz Association, Berlin, Germany. Department of Chemical Engineering, Massachusetts Institute of Technology, Cambridge, MA, USA. Koch Institute for Integrative Cancer Research, Massachusetts Institute of Technology, Cambridge, MA, USA. Department of Pathology, Brigham and Women's Hospital, Boston, MA, USA. Department of Medical Oncology, Dana-Farber Cancer Institute, Boston, MA, USA. Ludwig Center at Harvard, Harvard Medical School, Boston, MA, USA. Departments of Cell Biology and Pathology, Harvard Medical School, Boston, MA, USA. Broad Institute of MIT and Harvard, Cambridge, MA, USA. pvangalen@bwh.harvard.edu. Division of Hematology, Brigham and Women's Hospital, Department of Medicine, Harvard Medical School, Boston, MA, USA. pvangalen@bwh.harvard.edu. Ludwig Center at Harvard, Harvard Medical School, Boston, MA, USA. pvangalen@bwh.harvard.edu.","en","Research Article","","","","","miller,van galen2022 - Supplement.pdf;miller,van galen2022mitochondrial variant enrichment from high-throughput single-cell rna sequencing resolves clonal populations - Nat Biotechnol.pdf",""
"Journal article","Ainciburu M,Morgan DM,DePasquale EAK,Love JC,Prósper F,van Galen P","","WAT3R: recovery of T-cell receptor variable regions from 3' single-cell RNA-sequencing","Bioinformatics","Bioinformatics (Oxford, England)","","","2022","38","14","3645-3647","My Papers","Highlight","Oxford University Press (OUP)","","2022-07-11","2022-02-24","","1367-4803","1367-4811","http://dx.doi.org/10.1093/bioinformatics/btac382;https://www.ncbi.nlm.nih.gov/pubmed/35674381;https://www.ncbi.nlm.nih.gov/pmc/articles/PMC9272805;https://academic.oup.com/bioinformatics/article-lookup/doi/10.1093/bioinformatics/btac382;https://academic.oup.com/bioinformatics/advance-article-pdf/doi/10.1093/bioinformatics/btac382/44244427/btac382.pdf;https://academic.oup.com/bioinformatics/advance-article-abstract/doi/10.1093/bioinformatics/btac382/6604269?redirectedFrom=fulltext;https://www.biorxiv.org/content/biorxiv/early/2022/01/28/2022.01.26.477886.full.pdf;https://academic.oup.com/bioinformatics/article/38/14/3645/6604269","10.1093/bioinformatics/btac382","35674381","PMC9272805","SUMMARY: Diversity of the T-cell receptor (TCR) repertoire is central to adaptive immunity. The TCR is composed of α and β chains, encoded by the TRA and TRB genes, of which the variable regions determine antigen specificity. To generate novel biological insights into the complex functioning of immune cells, combined capture of variable regions and single-cell transcriptomes provides a compelling approach. Recent developments enable the enrichment of TRA and TRB variable regions from widely used technologies for 3'-based single-cell RNA-sequencing (scRNA-seq). However, a comprehensive computational pipeline to process TCR-enriched data from 3' scRNA-seq is not available. Here, we present an analysis pipeline to process TCR variable regions enriched from 3' scRNA-seq cDNA. The tool reports TRA and TRB nucleotide and amino acid sequences linked to cell barcodes, enabling the reconstruction of T-cell clonotypes with associated transcriptomes. We demonstrate the software using peripheral blood mononuclear cells from a healthy donor and detect TCR sequences in a high proportion of single T cells. Detection of TCR sequences is low in non-T-cell populations, demonstrating specificity. Finally, we show that TCR clones are larger in CD8 Memory T cells than in other T-cell types, indicating an association between T-cell clonotypes and differentiation states. AVAILABILITY AND IMPLEMENTATION: The Workflow for Association of T-cell receptors from 3' single-cell RNA-seq (WAT3R), including test data, is available on GitHub (https://github.com/mainciburu/WAT3R), Docker Hub (https://hub.docker.com/r/mainciburu/wat3r) and a workflow on the Terra platform (https://app.terra.bio). The test dataset is available on GEO (accession number GSE195956). SUPPLEMENTARY INFORMATION: Supplementary data are available at Bioinformatics online.","","https://academic.oup.com/journals/pages/open_access/funder_policies/chorus/standard_publication_model","Program of Hemato-Oncology, University of Navarra, Pamplona 31008, Spain. Division of Hematology, Brigham and Women's Hospital, Boston, MA 02115, USA. Department of Medicine, Harvard Medical School, Boston, MA 02115, USA. Broad Institute of MIT and Harvard, Cambridge, MA 02142, USA. Department of Chemical Engineering, Massachusetts Institute of Technology, Cambridge, MA 02139, USA. Koch Institute for Integrative Cancer Research, Massachusetts Institute of Technology, Cambridge, MA 02139, USA. Ludwig Center at Harvard, Harvard Medical School, Boston, MA 02115, USA.","en","Research Article","","","","","ainciburu,van galen2022 - Supplement.pdf;ainciburu,van galen2022 - Supplement.xlsx;ainciburu,van galen2022wat3r - recovery of t-cell receptor variable regions from 3' single-cell rna-sequencing - Bioinformatics.pdf",""
"Journal article","Romine KA,van Galen P","","Rise of the clones: Myelodysplastic syndrome to secondary acute myeloid leukemia","Blood Cancer Discov.","Blood Cancer Discovery","","","2022","3","4","270-272","My Papers","","American Association for Cancer Research (AACR)","","2022-07-06","2022-06-16","","2643-3230","2643-3249","https://aacrjournals.org/bloodcancerdiscov/article-abstract/doi/10.1158/2643-3230.BCD-22-0046/704920/Rise-of-the-Clones-Myelodysplastic-Syndrome-to?redirectedFrom=fulltext;http://dx.doi.org/10.1158/2643-3230.BCD-22-0046;https://aacrjournals.org/bloodcancerdiscov/article-pdf/doi/10.1158/2643-3230.BCD-22-0046/3161859/bcd-22-0046.pdf;https://aacrjournals.org/bloodcancerdiscov/article/3/4/270/705265/Rise-of-the-Clones-Myelodysplastic-Syndrome-to;https://www.ncbi.nlm.nih.gov/pubmed/35709709;https://www.ncbi.nlm.nih.gov/pmc/articles/PMC9338726","10.1158/2643-3230.BCD-22-0046","35709709","PMC9338726","Myelodysplastic syndrome (MDS) describes a family of blood disorders driven by the clonal expansion of mutated blood cells that can evolve into secondary acute myeloid leukemia (sAML). Two new studies use single-cell and deep sequencing to elucidate the progression of MDS to AML, revealing discrete clonal architectures and the driving role of signaling mutations.","","","","en","Commentary","","","","","romine,van galen2022rise of the clones - myelodysplastic syndrome to secondary acute myeloid leukemia - Blood Cancer Discov.pdf",""
"Journal article","Guo Q,Spasic M,Maynard AG,Goreczny GJ,Bizuayehu A,Olive JF,van Galen P,McAllister SS","","Clonal barcoding with qPCR detection enables live cell functional analyses for cancer research","Nat. Commun.","Nature Communications","","","2022","13","1","3837","My Papers","","Springer Science and Business Media LLC","","2022-07-04","","","2041-1723","","http://dx.doi.org/10.1038/s41467-022-31536-5;https://www.ncbi.nlm.nih.gov/pubmed/35788590;https://www.ncbi.nlm.nih.gov/pmc/articles/PMC9252988;https://doi.org/10.1038/s41467-022-31536-5;https://www.nature.com/articles/s41467-022-31536-5;https://www.nature.com/articles/s41467-022-31536-5.pdf","10.1038/s41467-022-31536-5","35788590","PMC9252988","Single-cell analysis methods are valuable tools; however, current approaches do not easily enable live cell retrieval. That is a particular issue when further study of cells that were eliminated during experimentation could provide critical information. We report a clonal molecular barcoding method, called SunCatcher, that enables longitudinal tracking and live cell functional analysis. From complex cell populations, we generate single cell-derived clonal populations, infect each with a unique molecular barcode, and retain stocks of individual barcoded clones (BCs). We develop quantitative PCR-based and next-generation sequencing methods that we employ to identify and quantify BCs in vitro and in vivo. We apply SunCatcher to various breast cancer cell lines and combine respective BCs to create versions of the original cell lines. While the heterogeneous BC pools reproduce their original parental cell line proliferation and tumor progression rates, individual BCs are phenotypically and functionally diverse. Early spontaneous metastases can also be identified and quantified. SunCatcher thus provides a rapid and sensitive approach for studying live single-cell clones and clonal evolution, and performing functional analyses.","","https://creativecommons.org/licenses/by/4.0","Division of Hematology, Department of Medicine, Brigham and Women's Hospital, Boston, MA, 02115, USA. Department of Medicine, Harvard Medical School, Boston, MA, 02115, USA. Broad Institute of Harvard and MIT, Cambridge, MA, 02142, USA. Harvard Stem Cell Institute, Cambridge, MA, 02138, USA. Division of Hematology, Department of Medicine, Brigham and Women's Hospital, Boston, MA, 02115, USA. smcallister1@bwh.harvard.edu. Department of Medicine, Harvard Medical School, Boston, MA, 02115, USA. smcallister1@bwh.harvard.edu. Broad Institute of Harvard and MIT, Cambridge, MA, 02142, USA. smcallister1@bwh.harvard.edu. Harvard Stem Cell Institute, Cambridge, MA, 02138, USA. smcallister1@bwh.harvard.edu.","en","Research Article","","","","","guo,mcallister2022clonal barcoding with qpcr detection enables live cell functional analyses for cancer research - Nat Commun.pdf",""
"Journal article","Zeng AGX,Bansal S,Jin L,Mitchell A,Chen WC,Abbas HA,Chan-Seng-Yue M,Voisin V,van Galen P,Tierens A,Cheok M,Preudhomme C,Dombret H,Daver N,Futreal PA,Minden MD,Kennedy JA,Wang JCY,Dick JE","","A cellular hierarchy framework for understanding heterogeneity and predicting drug response in acute myeloid leukemia","Nat. Med.","Nature Medicine","","","2022","28","6","1212-1223","My Papers","","Springer Science and Business Media LLC","","2022-06","","","1078-8956","1546-170X","http://dx.doi.org/10.1038/s41591-022-01819-x;https://www.ncbi.nlm.nih.gov/pubmed/35618837;https://doi.org/10.1038/s41591-022-01819-x;https://www.nature.com/articles/s41591-022-01819-x.pdf;https://www.nature.com/articles/s41591-022-01819-x","10.1038/s41591-022-01819-x","35618837","","The treatment landscape of acute myeloid leukemia (AML) is evolving, with promising therapies entering clinical translation, yet patient responses remain heterogeneous, and biomarkers for tailoring treatment are lacking. To understand how disease heterogeneity links with therapy response, we determined the leukemia cell hierarchy makeup from bulk transcriptomes of more than 1,000 patients through deconvolution using single-cell reference profiles of leukemia stem, progenitor and mature cell types. Leukemia hierarchy composition was associated with functional, genomic and clinical properties and converged into four overall classes, spanning Primitive, Mature, GMP and Intermediate. Critically, variation in hierarchy composition along the Primitive versus GMP or Primitive versus Mature axes were associated with response to chemotherapy or drug sensitivity profiles of targeted therapies, respectively. A seven-gene biomarker derived from the Primitive versus Mature axis was associated with response to 105 investigational drugs. Cellular hierarchy composition constitutes a novel framework for understanding disease biology and advancing precision medicine in AML.","","","Princess Margaret Cancer Centre, University Health Network, Toronto, ON, Canada. Department of Molecular Genetics, University of Toronto, Toronto, ON, Canada. Biologics Discovery, Amgen British Columbia, Burnaby, BC, Canada. Department of Leukemia, The University of Texas MD Anderson Cancer Center, Houston, TX, USA. The Donnelly Centre, University of Toronto, Toronto, ON, Canada. Division of Hematology, Brigham and Women's Hospital, Boston, MA, USA. Department of Medicine, Harvard Medical School, Boston, MA, USA. Broad Institute of MIT and Harvard, Cambridge, MA, USA. Ludwig Center at Harvard, Harvard Medical School, Boston, MA, USA. Laboratory Medicine Program, Hematopathology, University Health Network, Toronto, ON, Canada. University of Lille, CNRS, Inserm, CHU Lille, UMR9020-U1277 - CANTHER - Cancer Heterogeneity Plasticity and Resistance to Therapies, Lille, France. Department of Hematology, Hôpital Saint-Louis, Assistance Publique-Hôpitaux de Paris, Université Paris Cité, Paris, France. Department of Genomic Medicine, The University of Texas MD Anderson Cancer Center, Houston, TX, USA. Department of Medical Biophysics, University of Toronto, Toronto, ON, Canada. Department of Medicine, University of Toronto, Toronto, ON, Canada. Division of Medical Oncology and Hematology, University Health Network, Toronto, ON, Canada. Division of Medical Oncology and Hematology, Sunnybrook Health Sciences Centre, Toronto, ON, Canada. Princess Margaret Cancer Centre, University Health Network, Toronto, ON, Canada. john.dick@uhnresearch.ca. Department of Molecular Genetics, University of Toronto, Toronto, ON, Canada. john.dick@uhnresearch.ca.","en","Research Article","","","","","zeng,dick2022a cellular hierarchy framework for understanding heterogeneity and predicting drug response in acute myeloid leukemia - Nat Med.pdf",""
"Journal article","DePasquale EAK,van Galen P","","Plasticity and immune evasion in childhood ALL","Blood","Blood","","","2022","139","14","2096-2097","My Papers","","American Society of Hematology","","2022-04-07","2022-04-07","","0006-4971","1528-0020","https://ashpublications.org/blood/article/139/14/2096/484571/Plasticity-and-immune-evasion-in-childhood-ALL;http://dx.doi.org/10.1182/blood.2021015117;https://ashpublications.org/blood/article-pdf/139/14/2096/1887425/bloodbld2021015117c.pdf;https://www.ncbi.nlm.nih.gov/pubmed/35389444","10.1182/blood.2021015117","35389444","","In this issue of Blood, Chen et al use multiomic single-cell analysis to characterize KMT2A-rearranged (KMT2A-r) acute lymphoblastic leukemia (ALL) and show tha","","","","en","Commentary","","","","","depasquale,van galen2022plasticity and immune evasion in childhood all - Blood.pdf",""
"Journal article","DePasquale EAK,Ssozi D,Ainciburu M,Good J,Noel J,Villanueva MA,Couturier CP,Shalek AK,Aranki SF,Mallidi HR,Griffin GK,Lane AA,van Galen P","","Single-cell multiomics reveals clonal T-cell expansions and exhaustion in blastic plasmacytoid dendritic cell neoplasm","Front. Immunol.","Frontiers in Immunology","","","2022","13","809414","809414","My Papers","Highlight","Frontiers Media SA","","2022-03-10","","","1664-3224","","http://dx.doi.org/10.3389/fimmu.2022.809414;https://www.ncbi.nlm.nih.gov/pubmed/35359938;https://www.ncbi.nlm.nih.gov/pmc/articles/PMC8960171;https://doi.org/10.3389/fimmu.2022.809414;https://www.frontiersin.org/articles/10.3389/fimmu.2022.809414/full;https://www.frontiersin.org/article/10.3389/fimmu.2022.809414;https://www.frontiersin.org/articles/10.3389/fimmu.2022.809414/abstract;https://www.biorxiv.org/content/biorxiv/early/2021/12/03/2021.12.01.470599.full.pdf;https://www.frontiersin.org/articles/10.3389/fimmu.2022.809414/pdf?pdf=true","10.3389/fimmu.2022.809414","35359938","PMC8960171","The immune system represents a major barrier to cancer progression, driving the evolution of immunoregulatory interactions between malignant cells and T-cells in the tumor environment. Blastic plasmacytoid dendritic cell neoplasm (BPDCN), a rare acute leukemia with plasmacytoid dendritic cell (pDC) differentiation, provides a unique opportunity to study these interactions. pDCs are key producers of interferon alpha (IFNA) that play an important role in T-cell activation at the interface between the innate and adaptive immune system. To assess how uncontrolled proliferation of malignant BPDCN cells affects the tumor environment, we catalog immune cell heterogeneity in the bone marrow (BM) of five healthy controls and five BPDCN patients by analyzing 52,803 single-cell transcriptomes, including 18,779 T-cells. We test computational techniques for robust cell type classification and find that T-cells in BPDCN patients consistently upregulate interferon alpha (IFNA) response and downregulate tumor necrosis factor alpha (TNFA) pathways. Integrating transcriptional data with T-cell receptor sequencing via shared barcodes reveals significant T-cell exhaustion in BPDCN that is positively correlated with T-cell clonotype expansion. By highlighting new mechanisms of T-cell exhaustion and immune evasion in BPDCN, our results demonstrate the value of single-cell multiomics to understand immune cell interactions in the tumor environment.","BPDCN; bioinformatics; cancer; multiomics; single-cell","https://creativecommons.org/licenses/by/4.0/","Division of Hematology, Brigham and Women's Hospital, Boston, MA, United States. Department of Medicine, Harvard Medical School, Boston, MA, United States. Broad Institute of MIT and Harvard, Cambridge, MA, United States. Ludwig Center at Harvard, Harvard Medical School, Boston, MA, United States. Hemato-Oncology Program, Centro de Investigación Médica Aplicada (CIMA), Universidad de Navarra, Instituto de Investigación Sanitaria de Navarra (IDISNA), Pamplona, Spain. Department of Human Biology, Sattler College, Boston, MA, United States. Department of Biology, Massachusetts Institute of Technology, Cambridge, MA, United States. Koch Institute for Integrative Cancer Research, Massachusetts Institute of Technology, Cambridge, MA, United States. Division of Health Science & Technology, Harvard Medical School, Cambridge, MA, United States. Institute for Medical Engineering & Science, Massachusetts Institute of Technology, Cambridge, MA, United States. Ragon Institute, Harvard University, Massachusetts Institute of Technology, and Massachusetts General Hospital, Cambridge, MA, United States. Department of Chemistry, Massachusetts Institute of Technology, Cambridge, MA, United States. Division of Thoracic and Cardiac Surgery, Brigham and Women's Hospital, Boston, MA, United States. Department of Oncologic Pathology, Dana-Farber Cancer Institute, Boston, MA, United States. Department of Pathology, Brigham and Women's Hospital, Boston, MA, United States. Department of Medical Oncology, Dana-Farber Cancer Institute, Boston, MA, United States.","en","Research Article","","","","","depasquale,van galen2022single-cell multiomics reveals clonal t-cell exp ... stion in blastic plasmacytoid dendritic cell neoplasm - Front Immunol.pdf;depasquale,van galen2022 - Supplement.docx",""
"Journal article","Najm FJ,van Galen P","","Renewing your HBO1 subscription","Blood","Blood","","","2022","139","6","802-804","My Papers","","American Society of Hematology","","2022-02-10","2022-02-10","","0006-4971","1528-0020","https://ashpublications.org/blood/article/139/6/802/483815/Renewing-your-HBO1-subscription;http://dx.doi.org/10.1182/blood.2021014461;https://www.ncbi.nlm.nih.gov/pubmed/35142852","10.1182/blood.2021014461","35142852","","In this issue of Blood, Yang et al1 show that HBO1 (KAT7) promotes hematopoietic stem cell (HSC) quiescence and self-renewal through histone acetylation and tra","","","","en","Commentary","","","","","najm,van galen2022renewing your hbo1 subscription - Blood.pdf",""
"Journal article","Miller PG,Qiao D,Rojas-Quintero J,Honigberg MC,Sperling AS,Gibson CJ,Bick AG,Niroula A,McConkey ME,Sandoval B,Miller BC,Shi W,Viswanathan K,Leventhal M,Werner L,Moll M,Cade BE,Barr RG,Correa A,Cupples LA,Gharib SA,Jain D,Gogarten SM,Lange LA,London SJ,Manichaikul A,O'Connor GT,Oelsner EC,Redline S,Rich SS,Rotter JI,Ramachandran V,Yu B,Sholl L,Neuberg D,Jaiswal S,Levy BD,Owen CA,Natarajan P,Silverman EK,van Galen P,Tesfaigzi Y,Cho MH,Ebert BL,COPDGene Study Investigators, National Heart, Lung, and Blood Institute Trans-Omics for Precision Medicine Consortium","","Association of clonal hematopoiesis with chronic obstructive pulmonary disease","Blood","Blood","","","2022","139","3","357-368","My Papers","","American Society of Hematology","","2022-01-20","","","0006-4971","1528-0020","http://dx.doi.org/10.1182/blood.2021013531;https://www.ncbi.nlm.nih.gov/pubmed/34855941;https://www.ncbi.nlm.nih.gov/pmc/articles/PMC8777202;https://ashpublications.org/blood/article-lookup/doi/10.1182/blood.2021013531;https://linkinghub.elsevier.com/retrieve/pii/476856;https://ashpublications.org/blood/article-pdf/doi/10.1182/blood.2021013531/1849183/blood.2021013531.pdf;https://ashpublications.org/blood/article/doi/10.1182/blood.2021013531/476856/Association-of-Clonal-Hematopoiesis-with-Chronic?searchresult=1;https://ashpublications.org/blood/article-pdf/139/3/357/1861313/bloodbld2021013531.pdf;https://ashpublications.org/blood/article/139/3/357/476856/Association-of-clonal-hematopoiesis-with-chronic","10.1182/blood.2021013531","34855941","PMC8777202","Chronic obstructive pulmonary disease (COPD) is associated with age and smoking, but other determinants of the disease are incompletely understood. Clonal hematopoiesis of indeterminate potential (CHIP) is a common, age-related state in which somatic mutations in clonal blood populations induce aberrant inflammatory responses. Patients with CHIP have an elevated risk for cardiovascular disease, but the association of CHIP with COPD remains unclear. We analyzed whole-genome sequencing and whole-exome sequencing data to detect CHIP in 48 835 patients, of whom 8444 had moderate to very severe COPD, from four separate cohorts with COPD phenotyping and smoking history. We measured emphysema in murine models in which Tet2 was deleted in hematopoietic cells. In the COPDGene cohort, individuals with CHIP had risks of moderate-to-severe, severe, or very severe COPD that were 1.6 (adjusted 95% confidence interval [CI], 1.1-2.2) and 2.2 (adjusted 95% CI, 1.5-3.2) times greater than those for noncarriers. These findings were consistently observed in three additional cohorts and meta-analyses of all patients. CHIP was also associated with decreased FEV1% predicted in the COPDGene cohort (mean between-group differences, -5.7%; adjusted 95% CI, -8.8% to -2.6%), a finding replicated in additional cohorts. Smoke exposure was associated with a small but significant increased risk of having CHIP (odds ratio, 1.03 per 10 pack-years; 95% CI, 1.01-1.05 per 10 pack-years) in the meta-analysis of all patients. Inactivation of Tet2 in mouse hematopoietic cells exacerbated the development of emphysema and inflammation in models of cigarette smoke exposure. Somatic mutations in blood cells are associated with the development and severity of COPD, independent of age and cumulative smoke exposure.","","http://creativecommons.org/licenses/by/2.0/","Department of Medical Oncology, Dana-Farber Cancer Institute, and. Division of Hematology, Department of Medicine, Brigham and Women's Hospital, Harvard Medical School, Boston, MA. Broad Institute of the Massachusetts Institute of Technology and Harvard University, Cambridge, MA. Channing Division of Network Medicine, Department of Medicine, and. Division of Pulmonary and Critical Care Medicine, Brigham and Women's Hospital, and. Cardiology Division, Massachusetts General Hospital, Harvard Medical School, Boston, MA. Program in Medical and Population Genetics, Broad Institute of Harvard, Cambridge, MA. Cardiovascular Research Center and Center for Genomic Medicine, Massachusetts General Hospital, Boston, MA. Division of Genetic Medicine, Department of Medicine, Vanderbilt University Medical Center, Nashville, TN. Department of Pathology, Brigham and Women's Hospital and Harvard Medical School, Boston, MA. Department of Data Sciences, Dana-Farber Cancer Institute, Boston, MA. Division of Sleep and Circadian Disorders, Brigham and Women's Hospital, Boston, MA. Division of Sleep Medicine, Harvard Medical School, Boston, MA. Department of Medicine and Department of Epidemiology, Columbia University Medical Center, New York, NY. Department of Medicine, University of Mississippi Medical Center, Jackson, MS. Department of Biostatistics, Boston University School of Public Health, Boston, MA. Framingham Heart Study, Framingham, MA. Computational Medicine Core, Center for Lung Biology, and. Division of Pulmonary, Critical Care, and Sleep Medicine, Department of Medicine, and. Department of Biostatistics, University of Washington, Seattle, WA. University of Colorado Anschutz Medical Campus, Denver, CO. Epidemiology Branch, National Institute of Environmental Health Sciences, National Institutes of Health, Department of Health and Human Services, Research Triangle Park, NC. Center for Public Health Genomics and. Department of Public Health Sciences, University of Virginia, Charlottesville, VA. Division of Pulmonary, Allergy, Sleep, and Critical Care Medicine, Department of Medicine, Boston University School of Medicine, Boston, MA. Department of Medicine, Columbia University Medical Center, New York, NY. Division of Pulmonary, Critical Care, and Sleep Medicine, Beth Israel Deaconess Medical Center, Boston, MA. The Institute for Translational Genomics and Population Sciences, Department of Pediatrics, The Lundquist Institute for Biomedical Innovation at Harbor-University of California-Los Angeles Medical Center, Torrance, CA. Preventive Medicine Section, Epidemiology Section, and Cardiovascular Medicine Section, Department of Medicine, Boston University School of Medicine, Boston, MA. Department of Epidemiology, Boston University Center for Computing and Data Science, Boston University School of Public Health, Boston, MA. University of Texas Health Science Center, School of Public Health, Houston, TX. Department of Pathology, Stanford University, Palo Alto, CA; and. Howard Hughes Medical Institute, Bethesda, MD.","en","Research Article","","","","","miller,copdgene study investigators, national heart, lung, and blood ins ... onal hematopoiesis with chronic obstructive pulmonary disease - Blood.pdf",""
"Journal article","Kim KL,van Galen P,Hovestadt V,Rahme GJ,Andreishcheva EN,Shinde A,Gaskell E,Jones DR,Shema E,Bernstein BE","","Systematic detection of m6A-modified transcripts at single-molecule and single-cell resolution","Cell Rep. Methods","Cell Reports Methods","","","2021","1","5","100061","My Papers","","Elsevier BV","","2021-09-27","2025-08-17","","2667-2375","","http://dx.doi.org/10.1016/j.crmeth.2021.100061;https://linkinghub.elsevier.com/retrieve/pii/S2667237521001090;https://pubmed.ncbi.nlm.nih.gov/34734208/;https://www.ncbi.nlm.nih.gov/pubmed/34734208;https://www.ncbi.nlm.nih.gov/pmc/articles/PMC8562683","10.1016/j.crmeth.2021.100061","34734208","PMC8562683","Epigenetic modifications control the stability and translation of mRNA molecules. Here, we present a microscopy-based platform for quantifying modified RNA molecules and for relating the modification patterns to single-cell phenotypes. We directly capture mRNAs from cell lysates on oligo-dT-coated coverslips, then visually detect and sequence individual m6A-immunolabled transcripts without amplification. Integration of a nanoscale device enabled us to isolate single cells on the platform, and thereby relate single-cell m6A modification states to gene expression signatures and cell surface markers. Application of the platform to MUTZ3 leukemia cells revealed a marked reduction in cellular m6A levels as CD34+ leukemic progenitors differentiate to CD14+ myeloid cells. We then coupled single-molecule m6A detection with fluorescence in situ hybridization (FISH) to relate mRNA and m6A levels of individual genes to single-cell phenotypes. This single-cell multi-modal assay suite can empower investigations of RNA modifications in rare populations and single cells.","","http://creativecommons.org/licenses/by/4.0/","","en","Research Article","","","","","kim,bernstein2021systematic detection of m6a-modified transcripts at single-molecule and single-cell resolution - Cell Rep Methods.pdf",""
"Journal article","Shareef SJ,Bevill SM,Raman AT,Aryee MJ,van Galen P,Hovestadt V,Bernstein BE","","Extended-representation bisulfite sequencing of gene regulatory elements in multiplexed samples and single cells","Nat. Biotechnol.","Nature Biotechnology","","","2021","39","9","1086-1094","My Papers","","Springer Science and Business Media LLC","","2021-09","","","1087-0156","1546-1696","http://dx.doi.org/10.1038/s41587-021-00910-x;https://www.ncbi.nlm.nih.gov/pubmed/33958785;https://www.ncbi.nlm.nih.gov/pmc/articles/PMC8434949;https://doi.org/10.1038/s41587-021-00910-x;https://www.nature.com/articles/s41587-021-00910-x;https://www.nature.com/articles/s41587-021-00910-x.pdf","10.1038/s41587-021-00910-x","33958785","PMC8434949","The biological roles of DNA methylation have been elucidated by profiling methods based on whole-genome or reduced-representation bisulfite sequencing, but these approaches do not efficiently survey the vast numbers of non-coding regulatory elements in mammalian genomes. Here we present an extended-representation bisulfite sequencing (XRBS) method for targeted profiling of DNA methylation. Our design strikes a balance between expanding coverage of regulatory elements and reproducibly enriching informative CpG dinucleotides in promoters, enhancers and CTCF binding sites. Barcoded DNA fragments are pooled before bisulfite conversion, allowing multiplex processing and technical consistency in low-input samples. Application of XRBS to single leukemia cells enabled us to evaluate genetic copy number variations and methylation variability across individual cells. Our analysis highlights heterochromatic H3K9me3 regions as having the highest cell-to-cell variability in their methylation, likely reflecting inherent epigenetic instability of these late-replicating regions, compounded by differences in cell cycle stages among sampled cells.","","","Department of Pathology and Center for Cancer Research, Massachusetts General Hospital and Harvard Medical School, Boston, MA, USA. Broad Institute of Harvard and MIT, Cambridge, MA, USA. Department of Biostatistics, Harvard T.H. Chan School of Public Health, Boston, MA, USA. Division of Hematology, Brigham and Women's Hospital and Harvard Medical School, Boston, MA, USA. Department of Pathology and Center for Cancer Research, Massachusetts General Hospital and Harvard Medical School, Boston, MA, USA. volker_hovestadt@dfci.harvard.edu. Broad Institute of Harvard and MIT, Cambridge, MA, USA. volker_hovestadt@dfci.harvard.edu. Department of Pediatric Oncology, Dana-Farber Cancer Institute, Boston, MA, USA. volker_hovestadt@dfci.harvard.edu. Division of Hematology/Oncology, Boston Children's Hospital, Boston, MA, USA. volker_hovestadt@dfci.harvard.edu. Department of Pathology and Center for Cancer Research, Massachusetts General Hospital and Harvard Medical School, Boston, MA, USA. bernstein.bradley@mgh.harvard.edu. Broad Institute of Harvard and MIT, Cambridge, MA, USA. bernstein.bradley@mgh.harvard.edu.","en","Research Article","","","","","shareef,bernstein2021extended-representation bisulfite sequencing of gen ... ory elements in multiplexed samples and single cells - Nat Biotechnol.pdf",""
"Journal article","Acosta J,Ssozi D,van Galen P","","Single-cell RNA sequencing to disentangle the blood system","Arterioscler. Thromb. Vasc. Biol.","Arteriosclerosis, Thrombosis, and Vascular Biology","","","2021","41","3","1012-1018","My Papers","Highlight","Ovid Technologies (Wolters Kluwer Health)","","2021-03","","","1079-5642","1524-4636","http://dx.doi.org/10.1161/ATVBAHA.120.314654;https://www.ncbi.nlm.nih.gov/pubmed/33441024;https://www.ncbi.nlm.nih.gov/pmc/articles/PMC7901535;https://www.ahajournals.org/doi/abs/10.1161/ATVBAHA.120.314654?url_ver=Z39.88-2003&rfr_id=ori:rid:crossref.org&rfr_dat=cr_pub%3dpubmed;https://www.ahajournals.org/doi/10.1161/ATVBAHA.120.314654?url_ver=Z39.88-2003&rfr_id=ori:rid:crossref.org&rfr_dat=cr_pub%3dpubmed;https://www.ahajournals.org/doi/10.1161/ATVBAHA.120.314654","10.1161/ATVBAHA.120.314654","33441024","PMC7901535","The blood system is often represented as a tree-like structure with stem cells that give rise to mature blood cell types through a series of demarcated steps. Although this representation has served as a model of hierarchical tissue organization for decades, single-cell technologies are shedding new light on the abundance of cell type intermediates and the molecular mechanisms that ensure balanced replenishment of differentiated cells. In this Brief Review, we exemplify new insights into blood cell differentiation generated by single-cell RNA sequencing, summarize considerations for the application of this technology, and highlight innovations that are leading the way to understand hematopoiesis at the resolution of single cells. Graphic Abstract: A graphic abstract is available for this article.","blood cells; computational biology; hematopoiesis; stem cells; technology","","Division of Hematology, Brigham and Women's Hospital, Boston, MA. Department of Medicine, Harvard Medical School, Boston, MA. Broad Institute of MIT and Harvard, Cambridge, MA.","en","Review","","","","","acosta,van galen2021single-cell rna sequencing to disentangle the blood system - Arterioscler Thromb Vasc Biol.pdf",""
"Journal article","Eyler CE,Matsunaga H,Hovestadt V,Vantine SJ,van Galen P,Bernstein BE","","Single-cell lineage analysis reveals genetic and epigenetic interplay in glioblastoma drug resistance","Genome Biol.","Genome Biology","","","2020","21","1","174","My Papers","","Springer Science and Business Media LLC","","2020-07-15","","","1474-7596","1474-760X","http://dx.doi.org/10.1186/s13059-020-02085-1;https://www.ncbi.nlm.nih.gov/pubmed/32669109;https://www.ncbi.nlm.nih.gov/pmc/articles/PMC7364565;https://genomebiology.biomedcentral.com/articles/10.1186/s13059-020-02085-1;https://doi.org/10.1186/s13059-020-02085-1;https://genomebiology.biomedcentral.com/track/pdf/10.1186/s13059-020-02085-1","10.1186/s13059-020-02085-1","32669109","PMC7364565","BACKGROUND: Tumors can evolve and adapt to therapeutic pressure by acquiring genetic and epigenetic alterations that may be transient or stable. A precise understanding of how such events contribute to intratumoral heterogeneity, dynamic subpopulations, and overall tumor fitness will require experimental approaches to prospectively label, track, and characterize resistant or otherwise adaptive populations at the single-cell level. In glioblastoma, poor efficacy of receptor tyrosine kinase (RTK) therapies has been alternatively ascribed to genetic heterogeneity or to epigenetic transitions that circumvent signaling blockade. RESULTS: We combine cell lineage barcoding and single-cell transcriptomics to trace the emergence of drug resistance in stem-like glioblastoma cells treated with RTK inhibitors. Whereas a broad variety of barcoded lineages adopt a Notch-dependent persister phenotype that sustains them through early drug exposure, rare subclones acquire genetic changes that enable their rapid outgrowth over time. Single-cell analyses reveal that these genetic subclones gain copy number amplifications of the insulin receptor substrate-1 and substrate-2 (IRS1 or IRS2) loci, which activate insulin and AKT signaling programs. Persister-like cells and genomic amplifications of IRS2 and other loci are evident in primary glioblastomas and may underlie the inefficacy of targeted therapies in this disease. CONCLUSIONS: A method for combined lineage tracing and scRNA-seq reveals the interplay between complementary genetic and epigenetic mechanisms of resistance in a heterogeneous glioblastoma tumor model.","Epigenetic; Genetic; Glioma stem cells; Insulin receptor substrate/IRS; Lineage tracing; Single-cell RNA-seq; Therapy resistance; Tumor heterogeneity","https://creativecommons.org/licenses/by/4.0","Department of Radiation Oncology, Massachusetts General Hospital and Harvard Medical School, Boston, MA, USA. Broad Institute of Harvard and MIT, Cambridge, MA, USA. Department of Pathology and Center for Cancer Research, Massachusetts General Hospital and Harvard Medical School, Boston, MA, USA. Broad Institute of Harvard and MIT, Cambridge, MA, USA. bernstein.bradley@mgh.harvard.edu. Department of Pathology and Center for Cancer Research, Massachusetts General Hospital and Harvard Medical School, Boston, MA, USA. bernstein.bradley@mgh.harvard.edu.","en","Research Article","","","","","eyler,bernstein2020 - Supplement.pdf;eyler,bernstein2020single-cell lineage analysis reveals genetic and epigenetic interplay in glioblastoma drug resistance - Genome Biol.pdf",""
"Journal article","van Galen P","","Decoding the noncoding cancer genome","Cancer Discov.","Cancer Discovery","","","2020","10","5","646-647","My Papers","","American Association for Cancer Research (AACR)","","2020-05","","","2159-8274","2159-8290","http://dx.doi.org/10.1158/2159-8290.CD-20-0285;https://www.ncbi.nlm.nih.gov/pubmed/32357969;https://aacrjournals.org/cancerdiscovery/article-lookup/doi/10.1158/2159-8290.CD-20-0285;http://cancerdiscovery.aacrjournals.org/cgi/pmidlookup?view=long&pmid=32357969;https://aacrjournals.org/cancerdiscovery/article/10/5/646/2598/Decoding-the-Noncoding-Cancer-Genome","10.1158/2159-8290.CD-20-0285","32357969","","In this issue of Cancer Discovery, Li and colleagues provide a blueprint for the identification and functional validation of cancer-associated mutations in noncoding regions of the genome. Integration of whole-genome sequencing and high-throughput epigenome editing screens is starting to reveal the extent to which noncoding genetic lesions contribute to cancer.See related article by Li et al., p. 724.","","","Division of Hematology, Brigham and Women's Hospital, Boston, Massachusetts. Department of Medicine, Harvard Medical School, Boston, Massachusetts. Broad Institute of MIT and Harvard, Cambridge, Massachusetts. pvangalen@bwh.harvard.edu.","en","Commentary","","","","","van galen,van galen2020decoding the noncoding cancer genome - Cancer Discov.pdf",""
"Journal article","Cabal-Hierro L,van Galen P,Prado MA,Higby KJ,Togami K,Mowery CT,Paulo JA,Xie Y,Cejas P,Furusawa T,Bustin M,Long HW,Sykes DB,Gygi SP,Finley D,Bernstein BE,Lane AA","","Chromatin accessibility promotes hematopoietic and leukemia stem cell activity","Nat. Commun.","Nature Communications","","","2020","11","1","1406","My Papers","","Springer Science and Business Media LLC","","2020-03-16","","","2041-1723","","http://dx.doi.org/10.1038/s41467-020-15221-z;https://www.ncbi.nlm.nih.gov/pubmed/32179749;https://www.ncbi.nlm.nih.gov/pmc/articles/PMC7076002;https://doi.org/10.1038/s41467-020-15221-z;https://www.nature.com/articles/s41467-020-15221-z","10.1038/s41467-020-15221-z","32179749","PMC7076002","Chromatin organization is a highly orchestrated process that influences gene expression, in part by modulating access of regulatory factors to DNA and nucleosomes. Here, we report that the chromatin accessibility regulator HMGN1, a target of recurrent DNA copy gains in leukemia, controls myeloid differentiation. HMGN1 amplification is associated with increased accessibility, expression, and histone H3K27 acetylation of loci important for hematopoietic stem cells (HSCs) and leukemia, such as HoxA cluster genes. In vivo, HMGN1 overexpression is linked to decreased quiescence and increased HSC activity in bone marrow transplantation. HMGN1 overexpression also cooperates with the AML-ETO9a fusion oncoprotein to impair myeloid differentiation and enhance leukemia stem cell (LSC) activity. Inhibition of histone acetyltransferases CBP/p300 relieves the HMGN1-associated differentiation block. These data nominate factors that modulate chromatin accessibility as regulators of HSCs and LSCs, and suggest that targeting HMGN1 or its downstream effects on histone acetylation could be therapeutically active in AML.","","https://creativecommons.org/licenses/by/4.0","Department of Medical Oncology, Dana-Farber Cancer Institute, Harvard Medical School, Boston, MA, USA. Broad Institute of Harvard and MIT, Cambridge, MA, USA. Department of Pathology, Massachusetts General Hospital, Harvard Medical School, Boston, MA, USA. Department of Cell Biology, Harvard Medical School, Boston, MA, USA. Center for Functional Cancer Epigenetics, Dana-Farber Cancer Institute, Boston, MA, USA. Laboratory of Metabolism, National Cancer Institute, Bethesda, MD, USA. Center for Regenerative Medicine, Massachusetts General Hospital, Boston, MA, USA. Department of Medical Oncology, Dana-Farber Cancer Institute, Harvard Medical School, Boston, MA, USA. andrew_lane@dfci.harvard.edu. Broad Institute of Harvard and MIT, Cambridge, MA, USA. andrew_lane@dfci.harvard.edu.","en","Research Article","","","","","cabal-hierro,lane2020chromatin accessibility promotes hematopoietic and leukemia stem cell activity - Nat Commun.pdf",""
"Journal article","Yassin M,Aqaqe N,Yassin AA,van Galen P,Kugler E,Bernstein BE,Koren-Michowitz M,Canaani J,Nagler A,Lechman ER,Dick JE,Wienholds E,Izraeli S,Milyavsky M","","A novel method for detecting the cellular stemness state in normal and leukemic human hematopoietic cells can predict disease outcome and drug sensitivity","Leukemia","Leukemia","","","2019","33","8","2061-2077","My Papers","","Springer Science and Business Media LLC","","2019-08","","","0887-6924","1476-5551","http://dx.doi.org/10.1038/s41375-019-0386-z;https://www.ncbi.nlm.nih.gov/pubmed/30705411;https://doi.org/10.1038/s41375-019-0386-z;https://www.nature.com/articles/s41375-019-0386-z","10.1038/s41375-019-0386-z","30705411","","Acute leukemia is an aggressive blood malignancy with low survival rates. A high expression of stem-like programs in leukemias predicts poor prognosis and is assumed to act in an aberrant fashion in the phenotypically heterogeneous leukemia stem cell (LSC) population. A lack of suitable genome engineering tools that can isolate LSCs based on their stemness precludes their comprehensive examination and full characterization. We hypothesized that tagging endogenous stemness-regulatory regions could generate a genome reporter for the putative leukemia stemness-state. Our analysis revealed that the ERG + 85 enhancer region can serve as a marker for stemness-state and a fluorescent lentiviral reporter was developed that can accurately recapitulate the endogenous activity. Using our novel reporter, we revealed cellular heterogeneity in several leukemia cell lines and patient-derived samples. Alterations in reporter activity were associated with transcriptomic and functional changes that were closely related to the hematopoietic stem cell (HSC) identity. Notably, the differentiation potential was skewed towards the erythro-megakaryocytic lineage. Moreover, an ERG + 85High fraction of AML cells could regenerate the original cellular heterogeneity and was enriched for LSCs. RNA-seq analysis coupled with in silico drug-screen analysis identified 4HPR as an effective inhibitor of ERG + 85High leukemia growth. We propose that further utilization of our novel molecular tool will identify crucial determinants of LSCs, thus providing a rationale for their therapeutic targeting.","","","Department of Pathology, Sackler Faculty of Medicine, Tel Aviv University, Tel Aviv-Yafo, Israel. Center for Cancer Research, Massachusetts General Hospital, Boston, MA, 02114, USA. Department of Pediatric Hemato-Oncology, Schneider Children Medical Center, Petah Tikva, Israel. The Gene Development and Environment Pediatric Research Institute, Pediatric Hemato-Oncology, Edmond and Lily Safra Children's Hospital, Chaim Sheba Medical Center, Tel Hashomer, Ramat Gan, Israel. Department of Molecular Human Genetics and Biochemistry, Sackler Faculty of Medicine, Tel Aviv University, Tel Aviv-Yafo, Israel. Hematology Division, Chaim Sheba Medical Center, Tel-Hashomer, Israel. Princess Margaret Cancer Centre, University Health Network and Department of Molecular Genetics, University of Toronto, Toronto, ON, Canada. Department of Pathology, Sackler Faculty of Medicine, Tel Aviv University, Tel Aviv-Yafo, Israel. mmilyavsky@post.tau.ac.il.","en","Research Article","","","","","yassin,milyavsky2019a novel method for detecting the cellular stemness s ... tic cells can predict disease outcome and drug sensitivity - Leukemia.pdf",""
"Website","Epstein CB","","Mint-ChIP3: A low-input ChIP-seq protocol using multiplexed chromatin and T7 amplification, published on Jul 12, 2019","","","protocols.io","","2019","","","","My Papers","","protocols.io","","2019-07-12","2026-03-01","","","","https://www.protocols.io/view/mint-chip3-a-low-input-chip-seq-protocol-using-mul-wbefaje;https://www.protocols.io/view/mint-chip3-a-low-input-chip-seq-protocol-using-mul-rm7vznk84vx1/v1;https://www.protocols.io/view/mint-chip3-a-low-input-chip-seq-protocol-using-mul-wbefaje.pdf;https://www.protocols.io/view/mint-chip3-a-low-input-chip-seq-protocol-using-mul-wbefaje#article","","","","This is a ChIP-seq protocol that uses native chromatin plus MNase digestion, and employs ligation of a barcoded adapter with a T7 promoter after MNase digestion and prior to the...","","","","en","","","","","","epstein,epstein2019mint-chip3 - a low-input chip-seq protocol using multiplexed chromatin and t7 amplification, published on jul 12, 2019.pdf",""
"Journal article","Kaufmann KB,Garcia-Prat L,Liu Q,Ng SWK,Takayanagi SI,Mitchell A,Wienholds E,van Galen P,Cumbaa CA,Tsay MJ,Pastrello C,Wagenblast E,Krivdova G,Minden MD,Lechman ER,Zandi S,Jurisica I,Wang JCY,Xie SZ,Dick JE","","A stemness screen reveals C3orf54/INKA1 as a promoter of human leukemia stem cell latency","Blood","Blood","","","2019","133","20","2198-2211","My Papers","","American Society of Hematology","","2019-05-16","","","0006-4971","1528-0020","http://dx.doi.org/10.1182/blood-2018-10-881441;https://www.ncbi.nlm.nih.gov/pubmed/30796022;https://linkinghub.elsevier.com/retrieve/pii/S0006-4971(20)42559-5;https://ashpublications.org/blood/article-lookup/doi/10.1182/blood-2018-10-881441;https://ashpublications.org/blood/article/133/20/2198/273856/A-stemness-screen-reveals-C3orf54INKA1-as-a","10.1182/blood-2018-10-881441","30796022","","There is a growing body of evidence that the molecular properties of leukemia stem cells (LSCs) are associated with clinical outcomes in acute myeloid leukemia (AML), and LSCs have been linked to therapy failure and relapse. Thus, a better understanding of the molecular mechanisms that contribute to the persistence and regenerative potential of LSCs is expected to result in the development of more effective therapies. We therefore interrogated functionally validated data sets of LSC-specific genes together with their known protein interactors and selected 64 candidates for a competitive in vivo gain-of-function screen to identify genes that enhanced stemness in human cord blood hematopoietic stem and progenitor cells. A consistent effect observed for the top hits was the ability to restrain early repopulation kinetics while preserving regenerative potential. Overexpression (OE) of the most promising candidate, the orphan gene C3orf54/INKA1, in a patient-derived AML model (8227) promoted the retention of LSCs in a primitive state manifested by relative expansion of CD34+ cells, accumulation of cells in G0, and reduced output of differentiated progeny. Despite delayed early repopulation, at later times, INKA1-OE resulted in the expansion of self-renewing LSCs. In contrast, INKA1 silencing in primary AML reduced regenerative potential. Mechanistically, our multidimensional confocal analysis found that INKA1 regulates G0 exit by interfering with nuclear localization of its target PAK4, with concomitant reduction of global H4K16ac levels. These data identify INKA1 as a novel regulator of LSC latency and reveal a link between the regulation of stem cell kinetics and pool size during regeneration.","","","Princess Margaret Cancer Centre, University Health Network, Toronto, ON, Canada. Department of Molecular Genetics, University of Toronto, Toronto, ON, Canada. Regenerative Medicine Laboratories, Kyowa Hakko Kirin Co., Ltd., Tokyo, Japan. Massachusetts General Hospital, Boston, MA. Krembil Research Institute, University Health Network, Toronto, ON, Canada. Department of Medical Biophysics. Department of Medicine, and. Department of Computer Sciences, University of Toronto, Toronto, ON, Canada; and. Division of Medical Oncology and Hematology, University Health Network, Toronto, ON, Canada.","en","Research Article","","","","","kaufmann,dick2019a stemness screen reveals c3orf54 - inka1 as a promoter of human leukemia stem cell latency - Blood.pdf",""
"Journal article","van Galen P,Hovestadt V,Wadsworth Ii MH,Hughes TK,Griffin GK,Battaglia S,Verga JA,Stephansky J,Pastika TJ,Lombardi Story J,Pinkus GS,Pozdnyakova O,Galinsky I,Stone RM,Graubert TA,Shalek AK,Aster JC,Lane AA,Bernstein BE","","Single-cell RNA-seq reveals AML hierarchies relevant to disease progression and immunity","Cell","Cell","","","2019","176","6","1265-1281.e24","My Papers","Highlight","Elsevier BV","","2019-03-07","","","0092-8674","1097-4172","http://dx.doi.org/10.1016/j.cell.2019.01.031;https://www.ncbi.nlm.nih.gov/pubmed/30827681;https://www.ncbi.nlm.nih.gov/pmc/articles/PMC6515904;https://linkinghub.elsevier.com/retrieve/pii/S0092-8674(19)30094-7;https://www.sciencedirect.com/science/article/pii/S0092867419300947;https://linkinghub.elsevier.com/retrieve/pii/S0092867419300947","10.1016/j.cell.2019.01.031","30827681","PMC6515904","Acute myeloid leukemia (AML) is a heterogeneous disease that resides within a complex microenvironment, complicating efforts to understand how different cell types contribute to disease progression. We combined single-cell RNA sequencing and genotyping to profile 38,410 cells from 40 bone marrow aspirates, including 16 AML patients and five healthy donors. We then applied a machine learning classifier to distinguish a spectrum of malignant cell types whose abundances varied between patients and between subclones in the same tumor. Cell type compositions correlated with prototypic genetic lesions, including an association of FLT3-ITD with abundant progenitor-like cells. Primitive AML cells exhibited dysregulated transcriptional programs with co-expression of stemness and myeloid priming genes and had prognostic significance. Differentiated monocyte-like AML cells expressed diverse immunomodulatory genes and suppressed T cell activity in vitro. In conclusion, we provide single-cell technologies and an atlas of AML cell states, regulators, and markers with implications for precision medicine and immune therapies. VIDEO ABSTRACT.","acute myeloid leukemia; cancer genetics; genotyping; immunity; leukemia stem cells; single-cell RNA-sequencing","http://www.elsevier.com/open-access/userlicense/1.0/","Department of Pathology, Massachusetts General Hospital and Harvard Medical School, Boston, MA 02114, USA; Ludwig Center at Harvard Medical School, Boston, MA 02115, USA; Broad Institute of MIT and Harvard, Cambridge, MA 02142, USA; Center for Cancer Research, Massachusetts General Hospital and Harvard Medical School, Boston, MA 02114, USA. Broad Institute of MIT and Harvard, Cambridge, MA 02142, USA; Institute for Medical Engineering & Science, Department of Chemistry, and Koch Institute for Integrative Cancer Research, Massachusetts Institute of Technology, Cambridge, MA 02139, USA; Ragon Institute of MGH, MIT, and Harvard, Cambridge, MA 02139, USA. Department of Pathology, Massachusetts General Hospital and Harvard Medical School, Boston, MA 02114, USA; Ludwig Center at Harvard Medical School, Boston, MA 02115, USA; Broad Institute of MIT and Harvard, Cambridge, MA 02142, USA; Center for Cancer Research, Massachusetts General Hospital and Harvard Medical School, Boston, MA 02114, USA; Department of Pathology, Brigham and Women's Hospital, Boston, MA 02115, USA. Ludwig Center at Harvard Medical School, Boston, MA 02115, USA; Department of Pathology, Brigham and Women's Hospital, Boston, MA 02115, USA; Dana-Farber Cancer Institute, Boston, MA 02215, USA. Center for Cancer Research, Massachusetts General Hospital and Harvard Medical School, Boston, MA 02114, USA. Department of Pathology, Brigham and Women's Hospital, Boston, MA 02115, USA. Dana-Farber Cancer Institute, Boston, MA 02215, USA. Ludwig Center at Harvard Medical School, Boston, MA 02115, USA; Department of Pathology, Brigham and Women's Hospital, Boston, MA 02115, USA. Ludwig Center at Harvard Medical School, Boston, MA 02115, USA; Dana-Farber Cancer Institute, Boston, MA 02215, USA. Department of Pathology, Massachusetts General Hospital and Harvard Medical School, Boston, MA 02114, USA; Ludwig Center at Harvard Medical School, Boston, MA 02115, USA; Broad Institute of MIT and Harvard, Cambridge, MA 02142, USA; Center for Cancer Research, Massachusetts General Hospital and Harvard Medical School, Boston, MA 02114, USA. Electronic address: bernstein.bradley@mgh.harvard.edu.","en","Research Article","","","","","van galen,bernstein2019single-cell rna-seq reveals aml hierarchies relevant to disease progression and immunity - Cell.pdf",""
"Journal article","van Galen P,Mbong N,Kreso A,Schoof EM,Wagenblast E,Ng SWK,Krivdova G,Jin L,Nakauchi H,Dick JE","","Integrated stress response activity marks stem cells in normal hematopoiesis and leukemia","Cell Rep.","Cell Reports","","","2018","25","5","1109-1117.e5","My Papers","Highlight","Elsevier BV","","2018-10-30","","","2211-1247","","http://dx.doi.org/10.1016/j.celrep.2018.10.021;https://www.ncbi.nlm.nih.gov/pubmed/30380403;https://linkinghub.elsevier.com/retrieve/pii/S2211-1247(18)31597-3;https://pubmed.ncbi.nlm.nih.gov/30380403/;https://linkinghub.elsevier.com/retrieve/pii/S2211124718315973","10.1016/j.celrep.2018.10.021","30380403","","Lifelong maintenance of the blood system requires equilibrium between clearance of damaged hematopoietic stem cells (HSCs) and long-term survival of the HSC pool. Severe perturbations of cellular homeostasis result in rapid HSC loss to maintain clonal purity. However, normal homeostatic processes can also generate lower-level stress; how HSCs survive these conditions remains unknown. Here we show that the integrated stress response (ISR) is uniquely active in HSCs and facilitates their persistence. Activating transcription factor 4 (ATF4) mediates the ISR and is highly expressed in HSCs due to scarcity of the eIF2 translation initiation complex. Amino acid deprivation results in eIF2α phosphorylation-dependent upregulation of ATF4, promoting HSC survival. Primitive acute myeloid leukemia (AML) cells also display eIF2 scarcity and ISR activity marks leukemia stem cells (LSCs) in primary AML samples. These findings identify a link between the ISR and stem cell survival in the normal and leukemic contexts.","amino acid deprivation; human hematopoietic stem cells; integrated stress response; leukemia stem cells","http://creativecommons.org/licenses/by-nc-nd/4.0/","Department of Pathology, Massachusetts General Hospital, Boston, MA 02114, USA. Princess Margaret Cancer Centre, University Health Network, Toronto, ON M5G 1L7, Canada. Department of Surgery, Massachusetts General Hospital, Boston, MA 02114, USA. The Finsen Laboratory, Rigshospitalet/Biotech Research and Innovation Centre (BRIC), Faculty of Health Sciences, University of Copenhagen, 2200 Copenhagen, Denmark. Princess Margaret Cancer Centre, University Health Network, Toronto, ON M5G 1L7, Canada; Institute of Biomaterials and Biomedical Engineering, University of Toronto, Toronto, ON M5G 1A1, Canada. Princess Margaret Cancer Centre, University Health Network, Toronto, ON M5G 1L7, Canada; Department of Molecular Genetics, University of Toronto, Toronto, ON M5S 1A8, Canada. Division of Stem Cell Therapy, Center for Stem Cell Biology and Regenerative Medicine, Institute of Medical Science, University of Tokyo, Tokyo 108-8639, Japan; Institute for Stem Cell Biology and Regenerative Medicine, Stanford University School of Medicine, Stanford, CA 94305, USA. Princess Margaret Cancer Centre, University Health Network, Toronto, ON M5G 1L7, Canada; Department of Molecular Genetics, University of Toronto, Toronto, ON M5S 1A8, Canada. Electronic address: john.dick@uhnresearch.ca.","en","Research Article","","","","","van galen,dick2018integrated stress response activity marks stem cells in normal hematopoiesis and leukemia - Cell Rep.pdf",""
"Journal article","Filbin MG,Tirosh I,Hovestadt V,Shaw ML,Escalante LE,Mathewson ND,Neftel C,Frank N,Pelton K,Hebert CM,Haberler C,Yizhak K,Gojo J,Egervari K,Mount C,van Galen P,Bonal DM,Nguyen Q,Beck A,Sinai C,Czech T,Dorfer C,Goumnerova L,Lavarino C,Carcaboso AM,Mora J,Mylvaganam R,Luo CC,Peyrl A,Popović M,Azizi A,Batchelor TT,Frosch MP,Martinez-Lage M,Kieran MW,Bandopadhayay P,Beroukhim R,Fritsch G,Getz G,Rozenblatt-Rosen O,Wucherpfennig KW,Louis DN,Monje M,Slavc I,Ligon KL,Golub TR,Regev A,Bernstein BE,Suvà ML","","Developmental and oncogenic programs in H3K27M gliomas dissected by single-cell RNA-seq","Science","Science","","","2018","360","6386","331-335","My Papers","","American Association for the Advancement of Science (AAAS)","","2018-04-20","","","0036-8075","1095-9203","https:///www.science.org/doi/10.1126/science.aao4750?url_ver=Z39.88-2003&rfr_id=ori:rid:crossref.org&rfr_dat=cr_pub%3dpubmed;https://www.science.org/doi/10.1126/science.aao4750;http://dx.doi.org/10.1126/science.aao4750;https://www.ncbi.nlm.nih.gov/pubmed/29674595;https://www.ncbi.nlm.nih.gov/pmc/articles/PMC5949869","10.1126/science.aao4750","29674595","PMC5949869","Gliomas with histone H3 lysine27-to-methionine mutations (H3K27M-glioma) arise primarily in the midline of the central nervous system of young children, suggesting a cooperation between genetics and cellular context in tumorigenesis. Although the genetics of H3K27M-glioma are well characterized, their cellular architecture remains uncharted. We performed single-cell RNA sequencing in 3321 cells from six primary H3K27M-glioma and matched models. We found that H3K27M-glioma primarily contain cells that resemble oligodendrocyte precursor cells (OPC-like), whereas more differentiated malignant cells are a minority. OPC-like cells exhibit greater proliferation and tumor-propagating potential than their more differentiated counterparts and are at least in part sustained by PDGFRA signaling. Our study characterizes oncogenic and developmental programs in H3K27M-glioma at single-cell resolution and across genetic subclones, suggesting potential therapeutic targets in this disease.","","http://www.sciencemag.org/about/science-licenses-journal-article-reuse","Department of Pathology and Center for Cancer Research, Massachusetts General Hospital and Harvard Medical School, Boston, MA 02114, USA. Department of Pediatric Oncology, Dana-Farber Boston Children's Cancer and Blood Disorders Center, Boston, MA 02215, USA. Klarman Cell Observatory, Broad Institute of Harvard and Massachussetts Institute of Technology (MIT), Cambridge, MA 02142, USA. Broad Institute of Harvard and MIT, Cambridge, MA 02142, USA. Department of Pediatrics and Adolescent Medicine, Medical University of Vienna, Vienna, Austria. Department of Molecular Cell Biology, Weizmann Institute of Science, Rehovot 7610001, Israel. Department of Cancer Immunology and Virology, Department of Microbiology and Immunobiology, Department of Neurology, Dana-Farber Cancer Institute and Harvard Medical School, Boston, MA 02215, USA. Institute of Pathology, Faculty of Biology and Medicine, Centre Hospitalier Universitaire Vaudois, 1011 Lausanne, Switzerland. Children's Cancer Research Institute (CCRI), St. Anna Kinderspital, Medical University of Vienna, Vienna, Austria. Department of Oncologic Pathology, Brigham and Women's Hospital, Boston Children's Hospital, Dana-Farber Cancer Institute, Boston, MA 02215, USA. Institute of Neurology, Medical University of Vienna, Vienna, Austria. Departments of Neurology, Neurosurgery, Pediatrics, and Pathology, Stanford University School of Medicine, Stanford, CA 94305, USA. Center for Biomedical Imaging in Oncology, Lurie Family Imaging Center, Dana-Farber Cancer Institute, Boston, MA 02215, USA. Department of Neurosurgery, Medical University of Vienna, Vienna, Austria. Developmental Tumor Biology Laboratory, Hospital Sant Joan de Déu, Esplugues de Llobregat, 08950 Barcelona, Spain. Institute of Pathology, Faculty of Medicine, University of Ljubljana, Ljubljana, Slovenia. Departments of Neurology and Radiation Oncology, Division of Hematology/Oncology, Massachusetts General Hospital Cancer Center, Harvard Medical School, Boston, USA. Departments of Cancer Biology and Medical Oncology, Dana-Farber Cancer Institute, and Department of Medicine, Brigham and Women's Hospital and Harvard Medical School, Boston, MA 02215, USA. Klarman Cell Observatory, Broad Institute of Harvard and Massachussetts Institute of Technology (MIT), Cambridge, MA 02142, USA. suva.mario@mgh.harvard.edu bernstein.bradley@mgh.harvard.edu aregev@broadinstitute.org. Department of Biology, Koch Institute for Integrative Cancer Research, Howard Hughes Medical Institute, MIT, Cambridge, MA 02139, USA. Department of Pathology and Center for Cancer Research, Massachusetts General Hospital and Harvard Medical School, Boston, MA 02114, USA. suva.mario@mgh.harvard.edu bernstein.bradley@mgh.harvard.edu aregev@broadinstitute.org.","en","Research Article","","","","","",""
"Journal article","Kleppe M,Koche R,Zou L,van Galen P,Hill CE,Dong L,De Groote S,Papalexi E,Hanasoge Somasundara AV,Cordner K,Keller M,Farnoud N,Medina J,McGovern E,Reyes J,Roberts J,Witkin M,Rapaport F,Teruya-Feldstein J,Qi J,Rampal R,Bernstein BE,Bradner JE,Levine RL","","Dual targeting of oncogenic activation and inflammatory signaling increases therapeutic efficacy in myeloproliferative neoplasms","Cancer Cell","Cancer Cell","","","2018","33","1","29-43.e7","My Papers","","Elsevier BV","","2018-01-08","","","1535-6108","1878-3686","http://dx.doi.org/10.1016/j.ccell.2017.11.009;https://www.ncbi.nlm.nih.gov/pubmed/29249691;https://www.ncbi.nlm.nih.gov/pmc/articles/PMC5760343;https://linkinghub.elsevier.com/retrieve/pii/S1535-6108(17)30512-3;https://linkinghub.elsevier.com/retrieve/pii/S1535610817305123","10.1016/j.ccell.2017.11.009","29249691","PMC5760343","Genetic and functional studies underscore the central role of JAK/STAT signaling in myeloproliferative neoplasms (MPNs). However, the mechanisms that mediate transformation in MPNs are not fully delineated, and clinically utilized JAK inhibitors have limited ability to reduce disease burden or reverse myelofibrosis. Here we show that MPN progenitor cells are characterized by marked alterations in gene regulation through differential enhancer utilization, and identify nuclear factor κB (NF-κB) signaling as a key pathway activated in malignant and non-malignant cells in MPN. Inhibition of BET bromodomain proteins attenuated NF-κB signaling and reduced cytokine production in vivo. Most importantly, combined JAK/BET inhibition resulted in a marked reduction in the serum levels of inflammatory cytokines, reduced disease burden, and reversed bone marrow fibrosis in vivo.","H3K27ac; JQ1; NF-κB; chronic inflammation; myeloproliferative neoplasms","http://www.elsevier.com/open-access/userlicense/1.0/","Human Oncology and Pathogenesis Program, Memorial Sloan Kettering Cancer Center, 1275 York Avenue, Box 20, New York, NY 10065, USA; Center for Epigenetics Research, Memorial Sloan Kettering Cancer Center, New York, NY 10065, USA. Center for Epigenetics Research, Memorial Sloan Kettering Cancer Center, New York, NY 10065, USA. Department of Pathology Massachusetts General Hospital, Harvard Medical School, Broad Institute of Harvard and MIT, Boston, MA, USA. Human Oncology and Pathogenesis Program, Memorial Sloan Kettering Cancer Center, 1275 York Avenue, Box 20, New York, NY 10065, USA. Department of Pediatrics, Memorial Sloan Kettering Cancer Center, New York, NY 10065, USA; Center for Hematologic Malignancies, Memorial Sloan Kettering Cancer Center, New York, NY 10065, USA. Center for Hematologic Malignancies, Memorial Sloan Kettering Cancer Center, New York, NY 10065, USA. Department of Medical Oncology, Dana-Farber Cancer Institute, 44 Binney Street, Boston, MA 02115, USA. Human Oncology and Pathogenesis Program, Memorial Sloan Kettering Cancer Center, 1275 York Avenue, Box 20, New York, NY 10065, USA; Center for Hematologic Malignancies, Memorial Sloan Kettering Cancer Center, New York, NY 10065, USA. Department of Pathology, Icahn School of Medicine, Mount Sinai, New York, NY, USA. Human Oncology and Pathogenesis Program, Memorial Sloan Kettering Cancer Center, 1275 York Avenue, Box 20, New York, NY 10065, USA; Leukemia Service, Department of Medicine, Memorial Sloan Kettering Cancer Center, New York, NY, USA. Department of Medical Oncology, Dana-Farber Cancer Institute, 44 Binney Street, Boston, MA 02115, USA. Electronic address: james.bradner@novartis.com. Human Oncology and Pathogenesis Program, Memorial Sloan Kettering Cancer Center, 1275 York Avenue, Box 20, New York, NY 10065, USA; Center for Epigenetics Research, Memorial Sloan Kettering Cancer Center, New York, NY 10065, USA; Center for Hematologic Malignancies, Memorial Sloan Kettering Cancer Center, New York, NY 10065, USA; Leukemia Service, Department of Medicine, Memorial Sloan Kettering Cancer Center, New York, NY, USA. Electronic address: leviner@mskcc.org.","en","Research Article","","","","","kleppe,levine2018dual targeting of oncogenic activation and inflammatory ... es therapeutic efficacy in myeloproliferative neoplasms - Cancer Cell.pdf",""
"Journal article","Liau BB,Sievers C,Donohue LK,Gillespie SM,Flavahan WA,Miller TE,Venteicher AS,Hebert CH,Carey CD,Rodig SJ,Shareef SJ,Najm FJ,van Galen P,Wakimoto H,Cahill DP,Rich JN,Aster JC,Suvà ML,Patel AP,Bernstein BE","","Adaptive chromatin remodeling drives glioblastoma stem cell plasticity and drug tolerance","Cell Stem Cell","Cell Stem Cell","","","2017","20","2","233-246.e7","My Papers","","Elsevier BV","","2017-02-02","","","1934-5909","1875-9777","http://dx.doi.org/10.1016/j.stem.2016.11.003;https://www.ncbi.nlm.nih.gov/pubmed/27989769;https://www.ncbi.nlm.nih.gov/pmc/articles/PMC5291795;https://linkinghub.elsevier.com/retrieve/pii/S1934-5909(16)30399-X;https://linkinghub.elsevier.com/retrieve/pii/S193459091630399X","10.1016/j.stem.2016.11.003","27989769","PMC5291795","Glioblastoma, the most common and aggressive malignant brain tumor, is propagated by stem-like cancer cells refractory to existing therapies. Understanding the molecular mechanisms that control glioblastoma stem cell (GSC) proliferation and drug resistance may reveal opportunities for therapeutic interventions. Here we show that GSCs can reversibly transition to a slow-cycling, persistent state in response to targeted kinase inhibitors. In this state, GSCs upregulate primitive developmental programs and are dependent upon Notch signaling. This transition is accompanied by widespread redistribution of repressive histone methylation. Accordingly, persister GSCs upregulate, and are dependent on, the histone demethylases KDM6A/B. Slow-cycling cells with high Notch activity and histone demethylase expression are present in primary glioblastomas before treatment, potentially contributing to relapse. Our findings illustrate how cancer cells may hijack aspects of native developmental programs for deranged proliferation, adaptation, and tolerance. They also suggest strategies for eliminating refractory tumor cells by targeting epigenetic and developmental pathways.","KDM6A/B; Notch; cancer; chromatin; drug resistance; epigenetics; glioblastoma; histone demethylases; stem cell","http://www.elsevier.com/open-access/userlicense/1.0/","Department of Pathology and Center for Cancer Research, Massachusetts General Hospital and Harvard Medical School, Boston, MA 02114, USA; Broad Institute of Harvard and MIT, Cambridge, MA 02142, USA. Department of Stem Cell Biology and Regenerative Medicine, Lerner Research Institute, Cleveland Clinic, Cleveland, OH 44195, USA; Department of Molecular Medicine, Cleveland Clinic Lerner College of Medicine, Case Western Reserve University, Cleveland, OH 44195, USA. Department of Pathology and Center for Cancer Research, Massachusetts General Hospital and Harvard Medical School, Boston, MA 02114, USA; Broad Institute of Harvard and MIT, Cambridge, MA 02142, USA; Department of Neurosurgery, Massachusetts General Hospital and Harvard Medical School, Boston, MA 02114, USA. Department of Pathology, Brigham and Women's Hospital and Harvard Medical School, Boston, MA 02114, USA. Department of Neurosurgery, Massachusetts General Hospital and Harvard Medical School, Boston, MA 02114, USA. Department of Pathology and Center for Cancer Research, Massachusetts General Hospital and Harvard Medical School, Boston, MA 02114, USA; Broad Institute of Harvard and MIT, Cambridge, MA 02142, USA; Department of Neurosurgery, Massachusetts General Hospital and Harvard Medical School, Boston, MA 02114, USA. Electronic address: apatel1@uw.edu. Department of Pathology and Center for Cancer Research, Massachusetts General Hospital and Harvard Medical School, Boston, MA 02114, USA; Broad Institute of Harvard and MIT, Cambridge, MA 02142, USA. Electronic address: bernstein.bradley@mgh.harvard.edu.","en","Research Article","","","","","liau,bernstein2017adaptive chromatin remodeling drives glioblastoma stem cell plasticity and drug tolerance - Cell Stem Cell.pdf",""
"Journal article","Lechman ER,Gentner B,Ng SW,Schoof EM,van Galen P,Kennedy JA,Nucera S,Ciceri F,Kaufmann KB,Takayama N,Dobson SM,Trotman-Grant A,Krivdova G,Elzinga J,Mitchell A,Nilsson B,Hermans KG,Eppert K,Marke R,Isserlin R,Voisin V,Bader GD,Zandstra PW,Golub TR,Ebert BL,Lu J,Minden M,Wang JC,Naldini L,Dick JE","","MiR-126 regulates distinct self-renewal outcomes in normal and malignant hematopoietic stem cells","Cancer Cell","Cancer Cell","","","2016","29","2","214-228","My Papers","","Elsevier BV","","2016-02-08","","","1535-6108","1878-3686","http://dx.doi.org/10.1016/j.ccell.2015.12.011;https://www.ncbi.nlm.nih.gov/pubmed/26832662;https://www.ncbi.nlm.nih.gov/pmc/articles/PMC4749543;https://linkinghub.elsevier.com/retrieve/pii/S1535-6108(15)00475-4;https://linkinghub.elsevier.com/retrieve/pii/S1535610815004754","10.1016/j.ccell.2015.12.011","26832662","PMC4749543","To investigate miRNA function in human acute myeloid leukemia (AML) stem cells (LSC), we generated a prognostic LSC-associated miRNA signature derived from functionally validated subpopulations of AML samples. For one signature miRNA, miR-126, high bioactivity aggregated all in vivo patient sample LSC activity into a single sorted population, tightly coupling miR-126 expression to LSC function. Through functional studies, miR-126 was found to restrain cell cycle progression, prevent differentiation, and increase self-renewal of primary LSC in vivo. Compared with prior results showing miR-126 regulation of normal hematopoietic stem cell (HSC) cycling, these functional stem effects are opposite between LSC and HSC. Combined transcriptome and proteome analysis demonstrates that miR-126 targets the PI3K/AKT/MTOR signaling pathway, preserving LSC quiescence and promoting chemotherapy resistance.","","http://creativecommons.org/licenses/by-nc-nd/4.0/","Princess Margaret Cancer Centre, University Health Network, University of Toronto, Toronto, ON M5G 1L7, Canada; Department of Molecular Genetics, University of Toronto, Toronto, ON M5G 1L7, Canada. San Raffaele Telethon Institute for Gene Therapy, San Raffaele Hospital, Milan 20132, Italy; Vita Salute San Raffaele University, San Raffaele Scientific Institute, San Raffaele Hospital, Milan 20132, Italy; Hematology and Bone Marrow Transplantation Unit, San Raffaele Hospital, Milan 20132, Italy. Department of Chemical Engineering and Applied Chemistry, Institute of Biomaterials and Biomedical Engineering, University of Toronto, Toronto, ON M5G 2M9, Canada; The Donnelly Centre, University of Toronto, Toronto, ON M5S 3E1, Canada. Princess Margaret Cancer Centre, University Health Network, University of Toronto, Toronto, ON M5G 1L7, Canada; Department of Medicine, University of Toronto, Toronto, ON M5G 2M9, Canada. San Raffaele Telethon Institute for Gene Therapy, San Raffaele Hospital, Milan 20132, Italy; Vita Salute San Raffaele University, San Raffaele Scientific Institute, San Raffaele Hospital, Milan 20132, Italy. Vita Salute San Raffaele University, San Raffaele Scientific Institute, San Raffaele Hospital, Milan 20132, Italy; Hematology and Bone Marrow Transplantation Unit, San Raffaele Hospital, Milan 20132, Italy. Department of Hematology and Transfusion Medicine, Lund University Hospital, Lund 221 84, Sweden. Department of Pediatrics, McGill University and The Research Institute of the McGill University Health Centre, Montreal, QC H4A 3J1, Canada. Laboratory of Pediatric Oncology, Radboud University Medical Center, Nijmegen, 6500 HB, Netherlands. The Donnelly Centre, University of Toronto, Toronto, ON M5S 3E1, Canada. Department of Pediatric Oncology, Dana-Farber Cancer Institute, 44 Binney Street, Boston, MA 02115, USA. Division of Hematology, Department of Medicine, Brigham and Women's Hospital, Harvard Medical School, Boston, MA 02115, USA. Yale Stem Cell Center, Yale Cancer Center, Yale University School of Medicine, New Haven, CT 06520, USA. Princess Margaret Cancer Centre, University Health Network, University of Toronto, Toronto, ON M5G 1L7, Canada; Department of Molecular Genetics, University of Toronto, Toronto, ON M5G 1L7, Canada; Princess Margaret Cancer Research Tower, Room 8-301, 101 College Street, Toronto M5G 1L7, Canada. Electronic address: jdick@uhnresearch.ca.","en","Research Article","","","","","lechman,dick2016mir-126 regulates distinct self-renewal outcomes in normal and malignant hematopoietic stem cells - Cancer Cell.pdf;lechman,dick2016 - Supplement.pdf",""
"Journal article","van Galen P,Viny AD,Ram O,Ryan RJ,Cotton MJ,Donohue L,Sievers C,Drier Y,Liau BB,Gillespie SM,Carroll KM,Cross MB,Levine RL,Bernstein BE","","A multiplexed system for quantitative comparisons of chromatin landscapes","Mol. Cell","Molecular Cell","","","2016","61","1","170-180","My Papers","Highlight","Elsevier BV","","2016-01-07","","","1097-2765","1097-4164","http://dx.doi.org/10.1016/j.molcel.2015.11.003;https://www.ncbi.nlm.nih.gov/pubmed/26687680;https://www.ncbi.nlm.nih.gov/pmc/articles/PMC4707994;https://linkinghub.elsevier.com/retrieve/pii/S1097-2765(15)00863-1;http://www.cell.com/molecular-cell/pdf/S1097-2765(15)00863-1.pdf;https://linkinghub.elsevier.com/retrieve/pii/S1097276515008631","10.1016/j.molcel.2015.11.003","26687680","PMC4707994","Genome-wide profiling of histone modifications can provide systematic insight into the regulatory elements and programs engaged in a given cell type. However, conventional chromatin immunoprecipitation and sequencing (ChIP-seq) does not capture quantitative information on histone modification levels, requires large amounts of starting material, and involves tedious processing of each individual sample. Here, we address these limitations with a technology that leverages DNA barcoding to profile chromatin quantitatively and in multiplexed format. We concurrently map relative levels of multiple histone modifications across multiple samples, each comprising as few as a thousand cells. We demonstrate the technology by monitoring dynamic changes following inhibition of p300, EZH2, or KDM5, by linking altered epigenetic landscapes to chromatin regulator mutations, and by mapping active and repressive marks in purified human hematopoietic stem cells. Hence, this technology enables quantitative studies of chromatin state dynamics across rare cell types, genotypes, environmental conditions, and drug treatments.","","http://www.elsevier.com/open-access/userlicense/1.0/","Department of Pathology, Massachusetts General Hospital, Boston, MA 02114, USA; Harvard Medical School, Boston, MA 02115, USA; Broad Institute of MIT and Harvard, Cambridge, MA 02142, USA; Center for Cancer Research, Massachusetts General Hospital, Boston, MA 02114, USA. Human Oncology and Pathogenesis Program and Leukemia Service, Memorial Sloan-Kettering Cancer Center, New York, NY 10065, USA. Department of Pathology, Massachusetts General Hospital, Boston, MA 02114, USA; Harvard Medical School, Boston, MA 02115, USA; Broad Institute of MIT and Harvard, Cambridge, MA 02142, USA; Center for Cancer Research, Massachusetts General Hospital, Boston, MA 02114, USA; Howard Hughes Medical Institute, Chevy Chase, MD 20815, USA. Department of Adult Reconstruction and Joint Replacement, Hospital for Special Surgery, New York, NY 10021, USA. Department of Pathology, Massachusetts General Hospital, Boston, MA 02114, USA; Harvard Medical School, Boston, MA 02115, USA; Broad Institute of MIT and Harvard, Cambridge, MA 02142, USA; Center for Cancer Research, Massachusetts General Hospital, Boston, MA 02114, USA; Howard Hughes Medical Institute, Chevy Chase, MD 20815, USA. Electronic address: bernstein.bradley@mgh.harvard.edu.","en","Research Article","","","","","van galen,bernstein2016a multiplexed system for quantitative comparisons of chromatin landscapes - Mol Cell.pdf",""
"Journal article","Renneville A,Van Galen P,Canver MC,McConkey M,Krill-Burger JM,Dorfman DM,Holson EB,Bernstein BE,Orkin SH,Bauer DE,Ebert BL","","EHMT1 and EHMT2 inhibition induces fetal hemoglobin expression","Blood","Blood","","","2015","126","16","1930-1939","My Papers","","American Society of Hematology","","2015-10-15","","","0006-4971","1528-0020","http://dx.doi.org/10.1182/blood-2015-06-649087;https://www.ncbi.nlm.nih.gov/pubmed/26320100;https://www.ncbi.nlm.nih.gov/pmc/articles/PMC4608240;https://linkinghub.elsevier.com/retrieve/pii/S0006-4971(20)30823-5;https://ashpublications.org/blood/article-lookup/doi/10.1182/blood-2015-06-649087;http://www.bloodjournal.org/cgi/pmidlookup?view=long&pmid=26320100;http://dx.doi.org/10.1182/blood-2015-06;https://ashpublications.org/blood/article/126/16/1930/34598/EHMT1-and-EHMT2-inhibition-induces-fetal","10.1182/blood-2015-06-649087","26320100","PMC4608240","Fetal hemoglobin (HbF, α2γ2) induction is a well-validated strategy for sickle cell disease (SCD) treatment. Using a small-molecule screen, we found that UNC0638, a selective inhibitor of EHMT1 and EHMT2 histone methyltransferases, induces γ-globin expression. EHMT1/2 catalyze mono- and dimethylation of lysine 9 on histone 3 (H3K9), raising the possibility that H3K9Me2, a repressive chromatin mark, plays a role in silencing γ-globin expression. In primary human adult erythroid cells, UNC0638 and EHMT1 or EHMT2 short hairpin RNA-mediated knockdown significantly increased γ-globin expression, HbF synthesis, and the percentage of cells expressing HbF. At effective concentrations, UNC0638 did not alter cell morphology, proliferation, or erythroid differentiation of primary human CD34(+) hematopoietic stem and progenitor cells in culture ex vivo. In murine erythroleukemia cells, UNC0638 and Ehmt2 CRISPR/Cas9-mediated knockout both led to a marked increase in expression of embryonic β-globin genes Hbb-εy and Hbb-βh1. In primary human adult erythroblasts, chromatin immunoprecipitation followed by sequencing analysis revealed that UNC0638 treatment leads to genome-wide depletion in H3K9Me2 and a concomitant increase in the activating mark H3K9Ac, which was especially pronounced at the γ-globin gene region. In RNA-sequencing analysis of erythroblasts, γ-globin genes were among the most significantly upregulated genes by UNC0638. Further increase in γ-globin expression in primary human adult erythroid cells was achieved by combining EHMT1/2 inhibition with the histone deacetylase inhibitor entinostat or hypomethylating agent decitabine. Our data provide genetic and pharmacologic evidence that EHMT1 and EHMT2 are epigenetic regulators involved in γ-globin repression and represent a novel therapeutic target for SCD.","","","Division of Hematology, Department of Medicine, Brigham and Women's Hospital, Boston, MA; Harvard Medical School, Boston, MA; Laboratory of Hematology, Biology and Pathology Center, Centre Hospitalier Régional Universitaire de Lille, Lille, France; Harvard Medical School, Boston, MA; Broad Institute of Massachusetts Institute of Technology and Harvard, Cambridge, MA; Department of Pathology and Center for Cancer Research, Massachusetts General Hospital, Boston, MA; Harvard Medical School, Boston, MA; Division of Hematology, Department of Medicine, Brigham and Women's Hospital, Boston, MA; Broad Institute of Massachusetts Institute of Technology and Harvard, Cambridge, MA; Department of Pathology, Brigham and Women's Hospital, Boston, MA; Broad Institute of Massachusetts Institute of Technology and Harvard, Cambridge, MA; Department of Pathology and Center for Cancer Research, Massachusetts General Hospital, Boston, MA; Howard Hughes Medical Institute, Chevy Chase, MD; Harvard Medical School, Boston, MA; Division of Hematology/Oncology, Boston Children's Hospital, Boston, MA; Department of Pediatric Oncology, Dana-Farber Cancer Institute, Boston, MA; and Howard Hughes Medical Institute, Boston, MA. Harvard Medical School, Boston, MA; Division of Hematology/Oncology, Boston Children's Hospital, Boston, MA; Department of Pediatric Oncology, Dana-Farber Cancer Institute, Boston, MA; and. Division of Hematology, Department of Medicine, Brigham and Women's Hospital, Boston, MA; Harvard Medical School, Boston, MA; Broad Institute of Massachusetts Institute of Technology and Harvard, Cambridge, MA;","en","Research Article","","","","","renneville,ebert2015 - Supplement.pdf;renneville,ebert2015ehmt1 and ehmt2 inhibition induces fetal hemoglobin expression - Blood.pdf;renneville,ebert2015 - Supplement.pdf",""
"Journal article","Singbrant S,van Galen P,Lucas D,Challen G,Rossi DJ,Daley GQ","","Two new routes to make blood: Hematopoietic specification from pluripotent cell lines versus reprogramming of somatic cells","Exp. Hematol.","Experimental Hematology","","","2015","43","9","756-759","My Papers","","Elsevier BV","","2015-09","","","0301-472X","1873-2399","http://dx.doi.org/10.1016/j.exphem.2015.05.007;https://www.ncbi.nlm.nih.gov/pubmed/26143581;https://linkinghub.elsevier.com/retrieve/pii/S0301-472X(15)00189-7;https://linkinghub.elsevier.com/retrieve/pii/S0301472X15001897","10.1016/j.exphem.2015.05.007","26143581","","Transplantation of hematopoietic stem cells (HSCs) to treat hematologic disorders is routinely used in the clinic. However, HSC therapy is hindered by the requirements of finding human leukocyte antigen (HLA)-matched donors and attaining sufficient numbers of long-term HSCs in the graft. Therefore, ex vivo expansion of transplantable HSCs remains one of the ""holy grails"" of hematology. Without the ability to maintain and expand human HSCs in vitro, two complementary approaches involving cellular reprogramming to generate transplantable HSCs have emerged. Reprogrammed HSCs represent a potentially inexhaustible supply of autologous tissue. On March 18th, 2015, Dr. George Q. Daley and Dr. Derrick J. Rossi, two pioneers in the field, presented and discussed their most recent research on these topics in a webinar organized by the International Society for Experimental Hematology (ISEH). Here, we summarize these seminars and discuss the possibilities and challenges in the field of hematopoietic specification.","","http://www.elsevier.com/open-access/userlicense/1.0/","Department of Molecular Medicine, Lund Stem Cell Center, Lund University, Lund, Sweden. Electronic address: sofie.singbrant@med.lu.se. Department of Pathology, Massachusetts General Hospital and Harvard Medical School, Boston, MA, USA. Department of Cell and Developmental Biology, University of Michigan Medical School, Ann Arbor, MI, USA. Division of Developmental, Regenerative and Stem Cell Biology & Division of Oncology, Washington University School of Medicine, St. Louis, MO, USA. Department of Stem Cell and Regenerative Biology, Harvard University, Harvard Medical School, Program in Cellular and Molecular Medicine, Division of Hematology and Oncology, Boston Children's Hospital, Harvard Stem Cell Institute, Cambridge, MA, USA. Stem Cell Transplantation Program, Division of Hematology and Oncology, Boston Children's Hospital, Harvard Medical School, Harvard Stem Cell Institute, Cambridge, MA, USA.","en","Review","","","","","singbrant,daley2015two new routes to make blood - hematopoietic specific ... potent cell lines versus reprogramming of somatic cells - Exp Hematol.pdf;singbrant,daley2015 - Supplement.pdf",""
"Journal article","van Galen P,Kreso A,Mbong N,Kent DG,Fitzmaurice T,Chambers JE,Xie S,Laurenti E,Hermans K,Eppert K,Marciniak SJ,Goodall JC,Green AR,Wouters BG,Wienholds E,Dick JE","","The unfolded protein response governs integrity of the haematopoietic stem-cell pool during stress","Nature","Nature","","","2014","510","7504","268-272","My Papers","Highlight","Springer Science and Business Media LLC","","2014-06-12","","","0028-0836","1476-4687","http://dx.doi.org/10.1038/nature13228;https://www.ncbi.nlm.nih.gov/pubmed/24776803;https://doi.org/10.1038/nature13228;https://www.nature.com/articles/nature13228","10.1038/nature13228","24776803","","The blood system is sustained by a pool of haematopoietic stem cells (HSCs) that are long-lived due to their capacity for self-renewal. A consequence of longevity is exposure to stress stimuli including reactive oxygen species (ROS), nutrient fluctuation and DNA damage. Damage that occurs within stressed HSCs must be tightly controlled to prevent either loss of function or the clonal persistence of oncogenic mutations that increase the risk of leukaemogenesis. Despite the importance of maintaining cell integrity throughout life, how the HSC pool achieves this and how individual HSCs respond to stress remain poorly understood. Many sources of stress cause misfolded protein accumulation in the endoplasmic reticulum (ER), and subsequent activation of the unfolded protein response (UPR) enables the cell to either resolve stress or initiate apoptosis. Here we show that human HSCs are predisposed to apoptosis through strong activation of the PERK branch of the UPR after ER stress, whereas closely related progenitors exhibit an adaptive response leading to their survival. Enhanced ER protein folding by overexpression of the co-chaperone ERDJ4 (also called DNAJB9) increases HSC repopulation capacity in xenograft assays, linking the UPR to HSC function. Because the UPR is a focal point where different sources of stress converge, our study provides a framework for understanding how stress signalling is coordinated within tissue hierarchies and integrated with stemness. Broadly, these findings reveal that the HSC pool maintains clonal integrity by clearance of individual HSCs after stress to prevent propagation of damaged stem cells.","","","1] Princess Margaret Cancer Centre, University Health Network, Toronto, Ontario M5G 2M9, Canada [2] Department of Molecular Genetics, University of Toronto, Toronto, Ontario M5S 1A8, Canada. Cambridge Institute for Medical Research, Wellcome Trust/MRC Stem Cell Institute and Department of Haematology, University of Cambridge, Cambridge CB2 0XY, UK. Department of Medicine, School of Clinical Medicine, Addenbrookes Hospital, University of Cambridge, Cambridge CB2 0QQ, UK. Cambridge Institute for Medical Research, Wellcome Trust/MRC Stem Cell Institute and Department of Medicine, University of Cambridge, Cambridge CB2 0XY, UK. Department of Pediatrics, McGill University and the Research Institute of the McGill University Health Centre, Westmount, Québec H3Z 2Z3, Canada. Departments of Radiation Oncology and Medical Biophysics, Princess Margaret Cancer Centre, University Health Network, Toronto, Ontario M5G 2M9, Canada.","en","Research Article","","","","","van galen,dick2014the unfolded protein response governs integrity of the haematopoietic stem-cell pool during stress - Nature.pdf",""
"Journal article","van Galen P,Kreso A,Wienholds E,Laurenti E,Eppert K,Lechman ER,Mbong N,Hermans K,Dobson S,April C,Fan JB,Dick JE","","Reduced lymphoid lineage priming promotes human hematopoietic stem cell expansion","Cell Stem Cell","Cell Stem Cell","","","2014","14","1","94-106","My Papers","Highlight","Elsevier BV","","2014-01-02","","","1934-5909","1875-9777","http://dx.doi.org/10.1016/j.stem.2013.11.021;https://www.ncbi.nlm.nih.gov/pubmed/24388174;https://linkinghub.elsevier.com/retrieve/pii/S1934-5909(13)00543-2;https://linkinghub.elsevier.com/retrieve/pii/S1934590913005432","10.1016/j.stem.2013.11.021","24388174","","The hematopoietic system sustains regeneration throughout life by balancing self-renewal and differentiation. To stay poised for mature blood production, hematopoietic stem cells (HSCs) maintain low-level expression of lineage-associated genes, a process termed lineage priming. Here, we modulated expression levels of Inhibitor of DNA binding (ID) proteins to ask whether lineage priming affects self-renewal of human HSCs. We found that lentiviral overexpression of ID proteins in cord blood HSCs biases myeloerythroid commitment at the expense of lymphoid differentiation. Conversely, reducing ID2 expression levels increases lymphoid potential. Mechanistically, ID2 inhibits the transcription factor E47 to attenuate B-lymphoid priming in HSCs and progenitors. Strikingly, ID2 overexpression also results in a 10-fold expansion of HSCs in serial limiting dilution assays, indicating that early lymphoid transcription factors antagonize human HSC self-renewal. The relationship between lineage priming and self-renewal can be exploited to increase expansion of transplantable human HSCs and points to broader implications for other stem cell populations.","","http://www.elsevier.com/open-access/userlicense/1.0/","Princess Margaret Cancer Centre, University Health Network, Toronto, ON M5G 1L7, Canada. Princess Margaret Cancer Centre, University Health Network, Toronto, ON M5G 1L7, Canada; Department of Molecular Genetics, University of Toronto, Toronto, ON M5G 1L7, Canada. Department of Pediatrics, McGill University and the Research Institute of the McGill University Health Centre, Westmount, QC H3Z 2Z3, Canada. Illumina, San Diego, CA 92122, USA. Princess Margaret Cancer Centre, University Health Network, Toronto, ON M5G 1L7, Canada; Department of Molecular Genetics, University of Toronto, Toronto, ON M5G 1L7, Canada. Electronic address: jdick@uhnres.utoronto.ca.","en","Research Article","","","","","van galen,dick2014 - Supplement.pdf;van galen,dick2014reduced lymphoid lineage priming promotes human hematopoietic stem cell expansion - Cell Stem Cell.pdf",""
"Thesis","van Galen P","","Molecular regulation of human hematopoietic stem cells","","","","","2014","","","","My Papers","","","","2014","","","","","https://pure.uva.nl/ws/files/2248540/136486_04.pdf","","","","","","","","","","","Dick JE,van Lohuizen M","University of Amsterdam","Molecular Genetics","van galen,van galen2014molecular regulation of human hematopoietic stem cells.pdf","PhD"
"Journal article","Kreso A,van Galen P,Pedley NM,Lima-Fernandes E,Frelin C,Davis T,Cao L,Baiazitov R,Du W,Sydorenko N,Moon YC,Gibson L,Wang Y,Leung C,Iscove NN,Arrowsmith CH,Szentgyorgyi E,Gallinger S,Dick JE,O'Brien CA","","Self-renewal as a therapeutic target in human colorectal cancer","Nat. Med.","Nature Medicine","","","2014","20","1","29-36","My Papers","","Springer Science and Business Media LLC","","2014-01","","","1078-8956","1546-170X","http://dx.doi.org/10.1038/nm.3418;https://www.ncbi.nlm.nih.gov/pubmed/24292392;https://doi.org/10.1038/nm.3418;https://www.nature.com/articles/nm.3418","10.1038/nm.3418","24292392","","Tumor recurrence following treatment remains a major clinical challenge. Evidence from xenograft models and human trials indicates selective enrichment of cancer-initiating cells (CICs) in tumors that survive therapy. Together with recent reports showing that CIC gene signatures influence patient survival, these studies predict that targeting self-renewal, the key 'stemness' property unique to CICs, may represent a new paradigm in cancer therapy. Here we demonstrate that tumor formation and, more specifically, human colorectal CIC function are dependent on the canonical self-renewal regulator BMI-1. Downregulation of BMI-1 inhibits the ability of colorectal CICs to self-renew, resulting in the abrogation of their tumorigenic potential. Treatment of primary colorectal cancer xenografts with a small-molecule BMI-1 inhibitor resulted in colorectal CIC loss with long-term and irreversible impairment of tumor growth. Targeting the BMI-1-related self-renewal machinery provides the basis for a new therapeutic approach in the treatment of colorectal cancer.","","","1] Princess Margaret Cancer Centre, University Health Network, Toronto, Ontario, Canada. [2] Department of Molecular Genetics, University of Toronto, Toronto, Ontario, Canada. Princess Margaret Cancer Centre, University Health Network, Toronto, Ontario, Canada. 1] Princess Margaret Cancer Centre, University Health Network, Toronto, Ontario, Canada. [2] Department of Laboratory Medicine and Pathobiology, University of Toronto, Toronto, Ontario, Canada. Structural Genomics Consortium, Toronto, Ontario, Canada. 1] Princess Margaret Cancer Centre, University Health Network, Toronto, Ontario, Canada. [2] Department of Medical Biophysics, University of Toronto, Toronto, Ontario, Canada. PTC Therapeutics, South Plainfield, New Jersey, USA. 1] Princess Margaret Cancer Centre, University Health Network, Toronto, Ontario, Canada. [2] Department of Medical Biophysics, University of Toronto, Toronto, Ontario, Canada. [3] Department of Immunology, University of Toronto, Toronto, Ontario, Canada. 1] Princess Margaret Cancer Centre, University Health Network, Toronto, Ontario, Canada. [2] Structural Genomics Consortium, Toronto, Ontario, Canada. [3] Department of Medical Biophysics, University of Toronto, Toronto, Ontario, Canada. Department of Pathology, Toronto General Hospital, Toronto, Ontario, Canada. 1] Department of Surgery, Toronto General Hospital, Toronto, Ontario, Canada. [2] Fred Litwin Centre for Cancer Genetics, Samuel Lunenfeld Research Institute, Mount Sinai Hospital, Toronto, Ontario, Canada. 1] Princess Margaret Cancer Centre, University Health Network, Toronto, Ontario, Canada. [2] Department of Molecular Genetics, University of Toronto, Toronto, Ontario, Canada. [3]. 1] Princess Margaret Cancer Centre, University Health Network, Toronto, Ontario, Canada. [2] Department of Laboratory Medicine and Pathobiology, University of Toronto, Toronto, Ontario, Canada. [3] Department of Surgery, Toronto General Hospital, Toronto, Ontario, Canada. [4].","en","Research Article","","","","","kreso,o'brien2014self-renewal as a therapeutic target in human colorectal cancer - Nat Med.pdf",""
"Journal article","Kreso A,O'Brien CA,van Galen P,Gan OI,Notta F,Brown AM,Ng K,Ma J,Wienholds E,Dunant C,Pollett A,Gallinger S,McPherson J,Mullighan CG,Shibata D,Dick JE","","Variable clonal repopulation dynamics influence chemotherapy response in colorectal cancer","Science","Science","","","2013","339","6119","543-548","My Papers","","American Association for the Advancement of Science (AAAS)","","2013-02-01","","","0036-8075","1095-9203","https:///www.science.org/doi/10.1126/science.1227670?url_ver=Z39.88-2003&rfr_id=ori:rid:crossref.org&rfr_dat=cr_pub%3dpubmed;http://www.sciencemag.org/cgi/pmidlookup?view=long&pmid=23239622;https://www.science.org/doi/10.1126/science.1227670;http://dx.doi.org/10.1126/science.1227670;https://www.ncbi.nlm.nih.gov/pubmed/23239622;https://www.ncbi.nlm.nih.gov/pmc/articles/PMC9747244","10.1126/science.1227670","23239622","PMC9747244","Intratumoral heterogeneity arises through the evolution of genetically diverse subclones during tumor progression. However, it remains unknown whether cells within single genetic clones are functionally equivalent. By combining DNA copy number alteration (CNA) profiling, sequencing, and lentiviral lineage tracking, we followed the repopulation dynamics of 150 single lentivirus-marked lineages from 10 human colorectal cancers through serial xenograft passages in mice. CNA and mutational analysis distinguished individual clones and showed that clones remained stable upon serial transplantation. Despite this stability, the proliferation, persistence, and chemotherapy tolerance of lentivirally marked lineages were variable within each clone. Chemotherapy promoted the dominance of previously minor or dormant lineages. Thus, apart from genetic diversity, tumor cells display inherent functional variability in tumor propagation potential, which contributes to both cancer growth and therapy tolerance.","","","Campbell Family Institute, Ontario Cancer Institute, Princess Margaret Cancer Centre, University Health Network, Toronto, Ontario, Canada.","en","Research Article","","","","","kreso,dick2013variable clonal repopulation dynamics influence chemotherapy response in colorectal cancer - Science.pdf;kreso,dick2013 - Supplement.pdf",""
"Journal article","Lechman ER,Gentner B,van Galen P,Giustacchini A,Saini M,Boccalatte FE,Hiramatsu H,Restuccia U,Bachi A,Voisin V,Bader GD,Dick JE,Naldini L","","Attenuation of miR-126 activity expands HSC in vivo without exhaustion","Cell Stem Cell","Cell Stem Cell","","","2012","11","6","799-811","My Papers","Highlight","Elsevier BV","","2012-12-07","","","1934-5909","1875-9777","http://dx.doi.org/10.1016/j.stem.2012.09.001;https://www.ncbi.nlm.nih.gov/pubmed/23142521;https://www.ncbi.nlm.nih.gov/pmc/articles/PMC3517970;https://linkinghub.elsevier.com/retrieve/pii/S1934-5909(12)00537-1;https://linkinghub.elsevier.com/retrieve/pii/S1934590912005371","10.1016/j.stem.2012.09.001","23142521","PMC3517970","Lifelong blood cell production is governed through the poorly understood integration of cell-intrinsic and -extrinsic control of hematopoietic stem cell (HSC) quiescence and activation. MicroRNAs (miRNAs) coordinately regulate multiple targets within signaling networks, making them attractive candidate HSC regulators. We report that miR-126, a miRNA expressed in HSC and early progenitors, plays a pivotal role in restraining cell-cycle progression of HSC in vitro and in vivo. miR-126 knockdown by using lentiviral sponges increased HSC proliferation without inducing exhaustion, resulting in expansion of mouse and human long-term repopulating HSC. Conversely, enforced miR-126 expression impaired cell-cycle entry, leading to progressively reduced hematopoietic contribution. In HSC/early progenitors, miR-126 regulates multiple targets within the PI3K/AKT/GSK3β pathway, attenuating signal transduction in response to extrinsic signals. These data establish that miR-126 sets a threshold for HSC activation and thus governs HSC pool size, demonstrating the importance of miRNA in the control of HSC function.","","http://creativecommons.org/licenses/by-nc-nd/3.0/","Campbell Family Institute, Ontario Cancer Institute, Princess Margaret Cancer Centre, University Health Network, Toronto, ON M5G 1L7, Canada.","en","Research Article","","","","","lechman,naldini2012attenuation of mir-126 activity expands hsc in vivo without exhaustion - Cell Stem Cell.pdf;lechman,naldini2012 - Supplement.pdf",""
"Journal article","Eppert K,Takenaka K,Lechman ER,Waldron L,Nilsson B,van Galen P,Metzeler KH,Poeppl A,Ling V,Beyene J,Canty AJ,Danska JS,Bohlander SK,Buske C,Minden MD,Golub TR,Jurisica I,Ebert BL,Dick JE","","Stem cell gene expression programs influence clinical outcome in human leukemia","Nat. Med.","Nature Medicine","","","2011","17","9","1086-1093","My Papers","","Springer Science and Business Media LLC","","2011-08-28","","","1078-8956","1546-170X","http://dx.doi.org/10.1038/nm.2415;https://www.ncbi.nlm.nih.gov/pubmed/21873988;https://doi.org/10.1038/nm.2415;https://www.nature.com/articles/nm.2415.pdf;https://www.nature.com/articles/nm.2415","10.1038/nm.2415","21873988","","Xenograft studies indicate that some solid tumors and leukemias are organized as cellular hierarchies sustained by cancer stem cells (CSCs). Despite the promise of the CSC model, its relevance in humans remains uncertain. Here we show that acute myeloid leukemia (AML) follows a CSC model on the basis of sorting multiple populations from each of 16 primary human AML samples and identifying which contain leukemia stem cells (LSCs) using a sensitive xenograft assay. Analysis of gene expression from all functionally validated populations yielded an LSC-specific signature. Similarly, a hematopoietic stem cell (HSC) gene signature was established. Bioinformatic analysis identified a core transcriptional program shared by LSCs and HSCs, revealing the molecular machinery underlying 'stemness' properties. Both stem cell programs were highly significant independent predictors of patient survival and were found in existing prognostic signatures. Thus, determinants of stemness influence the clinical outcome of AML, establishing that LSCs are clinically relevant and not artifacts of xenotransplantation.","","","Division of Stem Cell and Developmental Biology, Campbell Family Institute for Cancer Research, Ontario Cancer Institute, University Health Network and Department of Molecular Genetics, University of Toronto, Toronto, Ontario, Canada.","en","Research Article","","","","","eppert,dick2011 - Supplement.pdf;eppert,dick2011stem cell gene expression programs influence clinical outcome in human leukemia - Nat Med.pdf",""